"Y","X1","X2","X3","X4","X5","X6","X7","X8","X9","X10","X11","X12","X13","X14","X15","X16","X17","X18","X19","X20","X21","X22","X23","X24","X25","X26","X27","X28","X29","X30","X31","X32","X33","X34","X35","X36","X37","X38","X39","X40","X41","X42","X43","X44","X45"
415.238521941028,-0.0837843554981313,0.218351811598922,1.72325562210299,-0.343744724039575,1.21998607493218,-0.527218168941823,-0.797266527796359,-0.739978059680066,0.0752266065339389,0.755626343637208,0.856030811203382,-1.01984663355383,0.647250005940784,0.813007467522899,-0.894007321196624,1.01310924655049,2.75770874937864,2.18899593241069,0.394968579328599,-0.221071378307915,-0.319055094870977,0.106388770622431,-0.410186389589439,0.462653614144659,-0.209897323720326,0.199075360679011,-0.174170756843497,1.04211538403681,0.569890920797856,-0.103119343332247,-0.161678126868839,0.900035093195376,1.50958128750625,-0.767414255824256,0.374976341332575,-0.693470679877364,1.58320684744092,-0.850469205300324,0.0895759227083969,-1.55289653068741,0.0570184586724645,-0.615661069412735,-2.12270914926554,-2.31547869291229,1.69602182681554
10665.6498734249,-0.982943745280687,1.74303686491593,0.326433694876971,-0.554470602396649,-0.27748295916003,0.428993465079238,-1.37567574133682,0.807300925588589,-0.809686616028224,-0.795940816804107,-0.738533469852729,-0.53433397491362,-0.74147328428656,-0.0450518132590973,-0.904849947109008,0.807534022251998,0.068387281091541,0.897358685385292,-0.72627242487406,-0.0292067284026535,-0.624236312618018,-0.59015221115695,-0.0542324192335257,0.52478840384256,0.631390898474604,0.135822202937854,-1.20130811307964,0.00204509235620553,-0.266475816917878,0.670720923679623,-0.610628712773615,1.09263951209399,-1.71301943929507,0.255718347629506,0.413112613979998,-0.932997648446251,-2.02123452541433,0.88282491598854,0.0893290642217694,0.816699004243557,1.26746586075556,-0.127689233544206,0.282839239120641,-1.19675333929719,0.688353240798068
-22101.5394209204,-1.8750673214048,-0.119578535160251,0.51493389955483,1.12130588772285,0.531010277503708,-0.603202465936909,-0.0911344992372229,1.07728599916027,-0.2597360896849,1.05296446657237,-1.48412146932511,-0.908999287447386,-0.611338467772022,-0.560962873913773,-1.07281393156418,0.259569697021906,0.947809407818338,0.807233672216162,2.62691151729311,-0.023649294301511,0.912057061400339,0.332903101701209,-1.18319642845551,-0.637610573348977,-0.795102863443475,-0.670092047406357,0.31767075031223,1.39747876398622,0.466969310821055,1.64932346331516,0.355972444420807,-0.308854583227007,-0.786747438939399,-0.310660118112717,0.641497917544683,-1.79477541209805,0.307859757290328,0.672424599463578,1.40603217746609,1.76566050766759,-0.971434677799349,1.5398113437296,0.408812247544091,-0.458745794615674,0.731173439701975
6508.79961938704,-0.186144660710734,0.486179954957537,0.800007806539706,0.189851033317614,1.04704069663297,1.87921279366943,0.212987508379124,-0.962511141568826,-1.4885485482208,-1.2828365560425,0.856376994841649,-0.886571121414173,-0.21717722191402,-1.37707856046297,-0.979750499899324,-0.203538362806868,-0.137036399661721,-1.07678037584726,-0.0520963304208676,-0.52623968141725,0.804701306486325,-0.493513723619621,0.132085577768948,0.42646730263892,0.0991527650955033,0.240699719745943,0.990492210225852,0.553605424330694,-0.139435559729905,1.25853956591304,-0.284761933030881,1.2632193259694,-0.589111499367114,-0.930896733619597,-1.16431429262127,-0.390198795219944,0.287065521083131,0.911386006276086,-0.592033473988805,0.729024624867815,1.6700020217969,0.642131691040515,0.335231044433155,1.1320706013539,1.66668452332434
-24155.0705381811,-0.63348569815203,0.141368518433072,-0.940884853125382,0.164932976321785,0.422495476186845,0.83535979449678,-0.0925686123308538,0.753379041274198,-0.640067881604078,-0.321040726884846,-1.51259869044793,-0.161593756826073,0.817752392136762,-1.15985072832843,0.853911847127435,0.342423387068786,-0.0754374945659681,0.711938862346029,0.15601175035658,-0.0181792566040278,0.62935532938081,0.577062179305318,-1.07125313402984,-0.936246338871246,-0.725021504963681,0.62446359879237,0.00516976854764105,-0.0357226150604981,0.148607124774886,0.8575921724127,2.11581166417231,0.759704408104192,1.2649239747226,0.580352182734978,1.45755983033253,0.0381316275868195,-0.476883238790263,-0.251280695625285,0.847444065000335,-0.427034556515301,-0.841448103106604,0.608133944925323,0.623199505192805,1.04227016692768,2.34370895052965
-11135.9023191393,1.09079746414669,0.307967646946754,0.347603253996574,-0.697290228916329,-0.295178039717202,0.59790313857822,0.638418096995459,0.707725532793208,-0.366749024701982,-1.38772846959202,-1.10280151130478,-1.70058780827798,-0.0977870687378151,-0.740853564106143,-1.22613793355837,-0.583773089577341,0.98676513253083,0.102301416302333,-1.23169093724469,-1.84616117491596,0.822396857586092,-0.0830661342428463,0.0486800898563202,-1.7246246744934,0.913927620279102,-0.632137234142664,-0.77765184394943,-0.552893557714829,-0.412347791553668,1.60067584493163,-0.428086111834099,2.14465783517401,-0.345413214322831,1.88199300543175,0.71521337362327,-1.94067986201361,-1.68026391911556,-0.92030304302973,0.148818056553598,-0.491070633175173,-1.53087279495091,1.29903145212985,1.59340338555943,-1.83502621229213,-0.744860646070092
-10862.3910741693,-0.913727274142924,0.99408133780575,-0.116766575168977,-1.2208503135549,-0.327826244312436,-1.05196647734466,-1.84431310273295,0.390022556045818,-0.335050946641808,2.29291053774817,2.17202315042604,-2.03231719029258,-0.686968098796046,1.19448946432693,0.587863028029263,1.83499694115742,-1.50459435583261,-1.33368097840799,1.67350451465882,-0.41349134213163,0.765202837957016,-0.199799733194855,-0.197077321251374,0.0790573100327158,-1.23814887997339,-0.339664666736564,-0.763416441793506,-0.918691467080717,1.12508252721489,-1.35320555816411,-0.310871891995615,2.5043921798396,0.287178875164124,-0.233090447778662,-1.41094305525007,-0.240080594628271,-0.906489593628607,-1.50192239289785,0.947790518259848,0.437870558258365,-0.130934277219666,0.000175337126558991,-0.290498034015131,-1.89475770326418,1.41876846219158
6283.47093006751,1.00163971155077,-0.517811774565486,-0.0800212896976721,0.490587254041769,0.99202119698597,-1.00188976061099,-1.02144763387236,1.37297935801532,-0.948284587995948,-1.05054307542334,-1.93528079057858,-1.07695926701904,3.14466395753087,0.288895448101369,-0.746318507884828,1.16380985143958,0.213629903260048,1.35422948778269,1.15647516225713,-0.916979431982978,-0.607912712728999,-0.16791051589891,0.63628387479975,0.237841180371687,-0.109142236261064,-0.850788087290665,0.729399747999808,-0.898397768637621,0.338697219676889,-1.21530284149114,0.87994284356787,-1.4563268794725,0.395163684799977,0.592976903935952,0.454685378311026,2.70932070607764,-1.11346492272791,-0.375973860659562,-0.0971443527453736,0.0204460153657476,-1.68373288768691,1.30841449636117,-0.49430090237823,0.949762144237998,-1.22665259067565
-22994.3557687722,-0.399266603219373,-0.807136389319615,0.279241028130272,-1.47500015312537,-0.371665108344134,0.0791434560510771,-0.727832962068544,1.05833566505881,0.260231271484248,-1.11741409353163,-1.95952270383061,-1.98272353769242,-1.42221737661609,0.222165631478456,0.615096762670626,-1.65786834478362,0.157865124594391,1.05554482561939,-1.24042869097167,0.741147444317072,1.36870798286901,1.31748121435253,-0.755517358283097,-2.18027292426771,0.782138735027822,-0.830951667521272,0.79630056010961,0.269672469880838,0.84974643632814,0.453503057249878,-0.237988502563163,-0.605159904049849,2.18214774047575,0.868275295947837,-0.562711928708644,0.596990401713146,-0.385587130253414,0.619798341876836,-0.755384878575272,0.862006427999312,-0.701142806474629,-2.01977923535508,-0.00666118510194549,0.607231145157513,0.136885474391724
-22050.5585659152,-0.468123054013521,-1.92317896320922,-0.00746602512188459,-1.28469944576524,-0.0798442668266791,-1.27056733720202,1.10477682435353,1.17538496510469,1.27734678978384,-1.17397041022525,0.824531032165831,0.339494884816092,-0.111563005439861,-0.521556330075006,-0.908753699507039,0.43365997541762,0.459443251308542,0.507157212575204,-0.0226070913103046,-1.04681118933055,-0.738419442466096,1.17682982352914,-1.22618713333681,-1.40638634746084,0.271334566822706,0.213583535991382,-0.0613625388654086,0.213994918067524,-2.51659247906793,0.0610147232439905,0.0767394579671811,4.54429140199146,-0.860899108645036,2.03778183634257,0.191389471974428,-0.0125954886075609,0.91843111660098,2.3248838904618,-0.717223502350518,-0.476539043494708,-0.0980411996266805,0.78355594042435,1.52514309070142,0.0194093112478128,-0.675441833636125
20131.249468569,0.32696208288009,-1.38913850951647,0.474471800090862,-1.20109253666656,0.942123022104352,1.46036684456459,-0.980734944507326,-0.112811207756277,-0.44854481659349,0.0119814351246205,2.56601057724094,-0.0216659791408636,0.707145781893128,0.790563190915571,1.98690087619645,-0.264635710085087,-1.5586181022714,0.0466501033262124,-0.165576562525355,-0.771418933090177,0.124854080883166,-0.173867587760384,0.575379203943235,1.12872051374025,0.421941218075153,-0.463170812368134,0.117588272833684,1.13629608574928,1.35962692766123,-1.83658985979671,-1.22215532126082,0.719830656676192,1.24974781487644,-0.237047852420545,-0.251555528244034,-1.91686665623267,-0.0891215812350337,0.933071227453966,0.493303032527855,-1.07587582466298,-0.583562962571609,-0.564898856079952,-0.839142587627159,-2.9662478369762,-1.01646933189039
7414.58387261016,-0.41274689835186,0.428670020192361,0.293940410551698,-1.32928381183369,-1.66810126656559,-1.1528678155221,0.867965135496338,0.491026630361306,1.21602895369447,-1.35146404204035,1.71820579516793,-1.29718846752587,-0.438052626592618,-0.260194139836448,0.739020412195834,0.555078320787405,1.03931928277207,-0.982900353415068,0.662286587039948,-1.45458216523492,-1.00508683699273,3.19574254303879,0.495220828766535,0.0912632948358935,0.337430896847927,-0.870345730084107,-2.18759255822379,-1.33182802987755,1.98164334593114,0.467287244368956,-0.57403570940943,-1.52721145176101,-1.25773311162941,1.40933281121461,-0.181580694167619,-1.17557543151268,-0.629338965995361,1.98497580447311,0.619717774133533,-0.825892232822294,0.506554489024077,0.718472062823747,-2.53847713185263,0.859935504252499,-1.22372239053477
26753.6126889342,0.562036469443693,-0.293781418873438,-0.852783616625879,0.426615056038606,0.133921805375822,-0.640292226437492,-0.21963326279029,-0.288103451718807,-2.54251264063205,-0.457777831546921,-1.44722923563416,0.23078731716424,1.86633988425841,0.00548780095299565,-0.79361793371618,0.871346604480645,0.25380949519306,0.879363110280912,0.407190404059174,-0.169991476816348,-1.18249664802586,1.22170854269289,0.355593250003122,1.47125291938144,0.943517520532117,-0.0674371597035656,0.258227115799707,0.805735834150617,-0.183767853954067,0.121572654473256,-0.563402187281718,1.05880873010453,0.774014489154479,-1.19621552019617,-1.47650053593389,-0.998232672139081,1.27607697124333,0.0101637109468833,1.32271455015563,-0.952130141282465,-0.913192529073461,1.23164188196366,0.498627473358203,0.509360569819137,0.661248472116677
1714.58055332753,0.663358259979942,2.27999878680493,-1.83689004263197,0.0561182948154087,-0.433625526936014,0.276454814065486,-0.949818716063849,1.46509374412194,-0.888402483416235,0.0375855473507173,0.148582595955492,-0.265986526251444,-0.0660112865206369,0.164891229516592,0.694016461591618,0.23214171303252,-1.53395925783872,0.74442672775957,2.62092814794257,0.289664786630999,-0.712433202048235,-0.118622219352889,-0.157647270483442,0.338339130701531,-0.111119285563128,0.0224206989125877,0.259457924923473,1.26015127587075,1.08473546109613,-1.18167520453134,1.45605223588749,0.991022981803457,0.540619640455965,-0.391426112028425,2.20936405601296,0.355391783501573,-1.23097505145177,-1.50804718410432,-0.116607967923332,0.790883596796747,-1.79277217348463,1.76967131949106,2.40303699096093,0.80953660986629,-1.6661629954149
-7404.62547904682,-0.602897283941171,-1.16451076133919,-1.1065381494466,-0.649775941611835,1.47414778666473,-1.33859493753883,0.680612796638321,-0.124231994068012,0.375540058116917,-0.474338501234098,0.67797178067957,2.59682104543683,0.145888360037791,-0.143263131851471,0.225054146218814,1.48227047377382,-0.238852957316246,-0.31217797933156,0.247268059057914,0.723272639949788,-1.07251231725931,0.572513142168324,0.51822644842334,-1.02223017700674,0.0310949390448468,0.137545665378092,0.550608682304131,0.222841517612586,0.826485460429,0.740084566989757,0.754216850358033,-0.584717403861853,-0.112895821470454,-1.38725760495974,2.15715193245851,-0.0431937863985831,-1.19985572994767,-0.533837721598499,1.24817671487828,-0.189808382693089,1.27643406961594,2.01127300854198,-1.93988458465823,-0.698773286366939,-0.00887049990069003
32351.1208966241,0.698377688765528,1.2408676220725,-0.489733440513906,1.09349285527233,-0.970024201317528,1.23212478706111,-2.78423895707239,-0.495274357839933,2.41222305740932,-0.201249084886002,-1.38366480649007,0.569082910537059,-0.733348434831568,0.874955300651499,0.891367589514531,-1.6229620454978,1.82950998097569,-1.67172119362569,-2.26800963752892,-1.50176139709957,1.10724524112906,1.28807581210341,1.43378205821152,1.19869036734935,1.05191131562127,-0.181382596096334,-0.331898322905747,0.678329964407439,1.57964357849378,0.51301394043314,0.669450125639569,0.371834433459352,1.11843424229887,1.06476419443975,-1.37898826297066,-0.601460624322808,-1.67975901171747,0.349613975547484,0.288550642553162,3.35580428094637,1.77452781003681,-1.07043621060587,-0.541668646120408,0.459392531470111,-0.319375677324524
-1745.78843535464,0.595846450456582,-1.49508385693131,1.9873556906309,-0.376743907387002,0.0151930115389625,-0.509465619029538,-0.791909900890369,-1.8751670372445,0.217118843524037,-1.61497674222029,0.241493241847803,-2.17856059776875,1.76144202698112,-1.97299313314388,-1.55801844319529,0.804149802021404,1.02637487228307,-0.561469002485689,0.0352346438811894,-0.487845584340806,-0.780163637441201,0.793211315770374,-1.09902445299618,0.431533764838808,0.146600503289297,-0.34730451209823,-2.29561028979076,0.302669438622585,-1.38269878072212,0.777820149737335,1.48209408468455,-1.29381482911496,0.815790798911979,-1.47830509761671,-1.55936221579849,-1.54901633719084,0.819317081346269,0.559925936060615,0.185092993410846,1.72355394312915,-0.121362934589442,-0.65370293193003,-1.33641495282058,1.38283259699855,-0.872710448336813
18790.0032083675,0.452091825801422,-0.231636328093292,-1.31198892178405,-0.105144011744088,-1.46945802253131,0.275890904276171,-1.03007143075374,1.44873771420054,1.34217455435457,-0.0511042537945245,0.189292142976989,-0.335169318289414,-1.40044827681829,0.338121259728577,1.72253856156404,-0.548743470966997,0.886068663667486,1.16961713310412,-0.283103225511174,0.157381155628726,1.84240066808669,1.40958406537481,-0.681071034815837,0.615883436866638,1.9925717536773,0.816571740821186,0.431004892011855,0.814408874293832,0.908094138828025,-1.6190137395032,-0.197160045953972,-0.874784432679068,-0.332327263712734,-0.0304309295758806,2.10946956953178,0.309492736664448,0.66778699705076,0.539114062117571,-0.129742071805483,-0.927941008483596,0.879579750312201,0.975311172254071,-0.61909070713194,-2.19244595215894,-0.346833624609972
5369.05668947199,0.896743959833288,-0.824866735659552,-0.53401112323316,-1.22314788739981,-1.45097234393084,-1.01232396695076,-0.584488076500369,0.680163859410953,0.335355059859903,0.661444342483531,-0.969675090083607,0.306899232986196,-0.482115565233325,-1.3642573911583,-0.374219934385651,-0.0824669345112693,0.133172679606333,0.72848583928898,-0.761155997834841,1.15599416036725,-1.17428334287792,-1.31199634545548,-0.705277394745759,1.14916107246768,-0.285265927436368,0.858659723737019,0.577617278453629,1.06555179782441,-0.456114680739361,-1.14557855984284,0.296183654379006,0.679585382082836,-0.605878859451063,-2.14011310851486,1.59539367137677,-0.436631434549089,-0.00337898951401414,-0.388428219556796,0.992143553480703,0.0962510026303988,-1.23245995158241,-0.854283264081568,0.0387021993974653,1.28079328208005,0.51846968910168
-18427.9691812914,0.572216514681207,-1.32417313742059,1.17237997020931,-0.714098646603429,0.577822282138952,-0.664525665183722,0.886406897734776,-0.815208828620877,0.169128995958352,1.86152729416064,-0.569132458794613,0.990543942146286,-0.293142830335109,2.18716394669244,1.25304871363226,-0.0780275607084833,0.820935118804336,0.554594076345223,0.0437184750096093,1.98938683419557,0.51428754672462,1.37335617127025,-0.0734556731291907,-1.06930873671552,-0.722823459340526,-0.357894649700015,0.303864359441326,1.04244862856144,1.56163437916539,0.464001760904407,-1.24920373027405,-2.22505678736458,-1.15038184019877,-0.561729197058301,-0.0218628683769654,-0.0335059619231545,-1.37428870408026,-2.01722364236753,1.62839571776894,-0.390126585767451,-0.0213889760364009,-1.02446794928599,-0.131355613535967,0.475969925613923,0.79993588169214
7331.46786459385,-0.411653013566155,0.0790136716478484,0.0511864550022508,0.287009870256963,0.0373639250439903,0.726952494913001,1.17924445326469,-0.129003526669755,1.55042491258035,-0.222758551550254,0.336733097637071,1.4201430731898,0.338847628164267,-0.985438285432681,1.33773673265332,0.134319921491587,-0.797000396693766,1.11073834361499,0.238792647839562,1.20474309718844,0.0390337643329119,1.31796630620171,-0.436997455769775,0.255916685912896,0.907327217621831,-0.426083066785934,0.0544082636630132,-0.336543439477773,0.183057157658509,1.05950068015905,0.581441986720915,0.954703810617708,1.0502862806214,-1.42080938299012,-1.02400959572949,0.40869967519906,-0.245556302878288,-0.680075530292421,1.52492931788768,-0.858766064272973,-0.379309580423573,0.43381741313964,0.0900671820500677,-0.672973179226706,1.7512123993534
22260.5507722712,-0.294327146217861,-0.109241570385057,0.00552468407074354,0.53011084099402,0.519088713198375,-0.320996159765691,0.794877880424733,0.996005343814897,0.339913153016275,1.80894967528746,-0.142613755122262,-1.3033343352619,-0.310654188908228,-0.557747348665713,0.480090727706995,-1.54964926738659,0.858378358383921,0.909367302924409,-0.00839516175347075,1.09707345238152,-0.470731543223914,-0.8387390817002,-0.607587896549978,1.78361913682404,0.797904038847417,-0.631692553977237,0.633761917390273,1.33693640471071,-2.8363816404359,-0.497715393351612,-0.479519443702969,-0.494025109972151,-0.317604461964953,-0.541152699981608,-0.0755087153195857,-0.499826471022056,-1.30885441980016,1.47283820197213,-2.02245157041505,-1.02373739320941,-1.51301794416602,1.04887007515463,-0.375421469511078,-0.640719558677816,-1.16878246541271
-981.466328814785,1.21857395731345,0.90552491797374,0.95582146298112,-2.30917519433439,1.3251471390489,0.402901902837965,-0.820075563843464,-1.70266518882335,-0.799717161999511,0.229037047729058,0.798718178457311,0.0594201241344779,1.34569731517012,0.547392240803291,1.18493556936223,0.64647351431756,-0.416959454746226,-1.49103082717704,-0.837187563002084,-1.08572006681493,-0.936039519964577,-1.87259923770822,0.834391419594871,-0.392595879999008,-0.315900047391679,-1.24779304999567,-0.546202904043665,0.964142746003632,-0.0182184809448842,-1.10562588887811,0.500749292935935,-0.614753085320693,0.102241300989422,-0.503833696585304,0.86080204133068,0.17566882095107,-0.834892403119534,-0.20406929428833,0.831880620339336,-0.41951361846972,-1.93806428082439,0.750863689667888,-0.669617005659573,-0.692864368982483,0.907639556425246
-6892.18055319554,0.244111426672306,0.975374608065209,0.242476144381336,-0.103229189953509,1.90413584035379,-1.61739320112536,2.23811712167269,0.0218450338515436,1.17016601396512,-0.349118797205156,0.71444014592619,-1.30651332754938,-0.910544892746279,1.49175691528493,-1.29601744785321,0.909454261256396,-0.302326054218564,-0.0856036094542376,-0.28417495655305,-0.944560421874459,-0.684607768443141,0.465600497530394,0.126185202335092,0.0080329780915905,-0.93199454098948,-0.787348247000302,0.576320457817126,-0.062717033905822,-0.673659910444976,2.20285483599652,1.91462627264541,-0.465464859062128,-0.90850636186447,0.817753596808081,0.799565320330989,0.454789980746597,-0.418455229597801,-0.116826146726623,0.157890074719011,0.128219460735109,0.43588132712406,1.16715364534123,0.647193755572404,0.369726920969216,-0.676300500528333
-22056.7840457015,-0.445151957603232,0.943082949302639,-1.01962773834275,0.313389976945155,-0.35961719042625,0.208616829678991,1.55178897478748,-0.39832653934304,-0.788541340727987,-0.267516357262576,0.959398251914062,0.324044655923987,-0.453083073794979,0.813517245358691,0.0194050279158784,1.18367210029899,0.612273446036041,-1.29659295640945,-1.18655866969599,-1.21263533171997,0.46224846863533,-1.158216288675,-1.17474281559746,-1.19546254585609,-0.0542625689823574,0.930812255802396,-0.907203678148209,0.0885868415452373,0.513507667946892,0.850120489479331,-0.0049225224976509,-1.12993255846979,0.189067006503638,-0.759802035318429,1.69591268961333,0.124387904294144,-0.157226407246934,-1.12136916721168,-1.91494363663602,0.962763485708806,0.870974124487142,0.871713045163772,-0.125804610237677,0.172123940219884,1.15251059210188
5741.07493224836,-1.84780364439909,-0.0169728854987534,0.946748280909383,-0.685323398884404,-0.542493846277476,1.62667003830556,0.373302944454583,-0.44832543714478,0.272849245825248,-0.668758931057754,0.446963948750575,0.11532807957497,-0.52369845587647,1.01179940084455,-0.554292564083428,1.34425596762332,0.501240304971308,1.0565228643058,-0.692218161302093,-1.87604896577901,0.445058036515145,-1.29186968575778,-0.259336937894913,-0.188034504933201,1.15050385780101,-1.09960774555075,-0.515625661371992,-2.78904822087228,-2.26727712257363,1.7742934945563,1.35602454922484,-1.10936620367864,-0.634740462496111,-0.495017804796304,-1.31149927699541,-1.00784540528896,0.515506694432368,0.354677040228695,0.319153297315213,-0.414962515101575,-0.650034230134233,-0.625423146290742,-0.67905131302764,-0.845448315738362,0.22988532635894
18473.5649203516,-0.628825305126515,-0.721597590600311,-0.357716678545525,-0.524836789526871,-0.316479568263005,-0.427401105444342,0.951403819740886,-0.157632403138964,0.661113784645621,0.184791499735002,0.00600600100585325,1.26285927160565,-0.128225088570859,1.69757256593022,0.547889182773762,0.168592071048634,1.37244105448325,0.466787071844806,1.36342797630832,-0.164136976957705,-0.00392589697717323,1.5584496967564,-0.412977550702491,1.66152567157516,0.358561332528618,0.834162935565442,-0.915915095663019,1.2244903528643,1.43499862674046,-0.446101933698935,0.513660579354175,-0.305024782926046,-0.0410296778191643,-1.01138977123798,0.0888810011930557,1.04932990857681,-0.093097131589921,-0.121307838006227,0.566475216805108,1.28717374822144,-1.69094626675571,0.735103513380776,0.822320404506921,-0.376619896458164,0.661727286142949
7837.45813387389,-0.861080691887615,0.30054139771732,0.754626070479988,-0.73195476023225,0.533762319485849,0.369476729986555,-2.00659313382379,-0.789688715287481,0.946202707233192,0.257091202437877,-0.954694376793733,-1.8078454299917,-0.666216087008841,1.18378454587621,0.533532464535432,-0.993441333009766,0.548222700036107,-0.0515630150855655,-0.764213887025508,1.6396444851209,-0.454671552759386,-0.556549472546481,-1.81848164124899,0.634322400839258,1.64020468985683,-0.505982153603605,-1.49721843600461,1.01728481080695,-0.514358499522064,-1.13061614711502,-0.198912828131467,0.285582348664654,0.689488667196738,-0.540409128806608,-0.809281037821255,-1.14091844021117,-0.0850266303216995,0.491821822138909,-1.67369552001728,2.89113125214513,0.0372845777983818,0.716768532616143,0.899874093551338,1.22272820283608,-0.708106273096267
764.99260739823,1.51492029804473,-0.903117125473575,0.129731219512384,0.313691703723199,-0.658420231711091,-0.614232339322717,0.90045468865566,-0.585646801718544,1.02163799135642,0.273593103557313,-0.649214902911461,-0.336036828281552,1.14179197187417,-1.03441398132154,-0.0890488406974739,-0.121003263921747,-0.179667156751383,-1.31137830348686,1.48104672439856,-0.320991600267055,-0.403833836474264,-0.469266361455002,0.598681379433203,0.0249583406441733,-0.447304548371966,-0.0320679166579729,0.709168730922327,-0.0289890095663937,-1.29735598029413,1.17902188293819,0.414276854915805,0.614474480916373,0.42719581123188,2.017931739974,-2.66787146575848,1.22670537213186,0.233637308469109,0.161824970896442,-1.48104291724333,-0.0350838392736497,0.896688413043834,-0.500518526607844,0.303880343887952,-0.205614922286478,-0.354755724119537
-6710.85915012573,2.73523893261411,1.38769444634591,-0.751492482260071,1.01930983726519,-0.216950567870953,0.434750413997697,0.715757631767744,-0.0751143297358326,-0.920011164895589,-0.859515256061028,-0.363402395788827,-1.21478314394985,0.437636552160628,1.45949642077348,-0.234957652489448,1.41112313865973,1.510661899537,-1.49608394733746,0.509890817028449,-0.573099409411316,-0.466209660433647,1.52742661046369,-1.92505761601851,0.231624078149225,0.528616598390031,1.98966758799567,1.38978370947371,0.914036602782677,-0.21542498465442,-0.951547214615583,0.588552279314476,-0.0437536144806077,1.20192352372636,1.59540806465066,-0.393888185726613,-0.79965384064267,0.413747157437168,-0.509629151752164,-1.09128992167002,0.775280754531313,0.918922571774778,0.999787424586867,-2.72169031074163,-0.471962564573501,-1.46791289492076
2921.35274909548,-0.274877063859403,0.66988609023047,0.267402852781021,0.485742238789292,0.649646668537872,-0.727465031439091,-0.75493899811455,-0.554592252407974,-1.87258246961099,-0.54032588247855,1.18449731824685,1.28908513867977,-0.472554069062922,0.491709767426409,1.44728020092906,-1.23047026088826,1.0959922679012,1.67856409317214,0.997633593022872,-0.757492021756502,1.07762010412803,-0.586495240419516,-0.382617125192187,0.823254509661103,-0.420699031068013,-0.416909315354235,0.131322946866543,1.26513342441056,-0.421596587237751,1.22352202886486,-0.701873782475287,-0.498687548245728,0.0420746628990022,-0.390550741176166,-1.05138047365126,-0.95933305488304,1.20586932934775,-1.41636386568822,0.365274652501385,0.677621533129647,0.518700717911532,-0.174561899514122,-0.562959903175503,0.205429214607422,0.824432887973129
-19683.1679521057,1.27665406508942,0.0061423714279446,-0.32142088523435,0.758341591083473,-2.23864761157487,-0.329893636123911,0.383097851050238,-0.14561661204973,-1.73931015214931,0.707670611137162,1.85674984376925,0.900434394973417,-1.4067991331978,-0.236612361408916,0.864325265506313,0.477313435341238,-0.671297831462177,-0.688614894052882,-1.72470179866286,0.0514860017526474,0.86575976484213,0.111497856414371,-0.333359803989972,-1.54472527592934,-0.0214312195984633,-1.27809882319492,0.225410201970608,-0.880830966242377,-0.0187619999298513,-0.665719829918226,1.04317842779905,-0.114659375839038,-1.32016528515176,-0.0581096745474422,0.294200049778723,-1.10173354569642,0.313518526378892,0.0685656226585861,-1.03198031128693,-0.4839208374619,-1.80400933861016,0.224662019673886,0.81937246194592,0.41287434020737,-0.0494763674330269
-17584.3136817278,-0.810980343903078,0.26516637198965,-0.948474264515701,-0.558496618015736,-0.833946056504994,-0.524085564807833,-1.3652759984013,0.900999828778822,-1.36540701180643,0.956171488569403,1.1539828110955,0.103530281239518,-1.54278647978191,-0.462209777945057,-0.000375716392313184,-0.386953637455529,-0.123462819500539,0.477869064395104,-0.499768603089969,0.891991311203816,-1.15493424389408,0.934363589296453,-0.0834599248074168,-0.425015269182521,-1.46113718134479,-0.391702152774926,-1.35219430466245,0.539555625199978,-0.392911308818008,0.695444077868867,-0.787642537107932,1.32756493061431,1.60274938680506,-0.269853847156789,0.123879279112953,-1.38983034361893,-0.305558855164787,-0.472551500637426,-0.865035013741877,-0.348376920280508,-0.97783649472024,0.173995720938861,-1.38736671798212,-0.403330410084424,-0.0300520803050164
6502.51917619179,-0.0449227760838308,-2.06109574678884,-0.719635629844701,-0.956250374065727,-0.809511368726982,0.829732552720434,-0.902491083837135,-0.209105176695047,0.393309323133496,0.355665969150938,0.566119655203528,-0.0466419097666731,-1.58661067054819,-0.289579803393884,-1.07706348319834,1.00260426458682,0.991045386307864,1.36131961350265,-0.0701447535612321,1.44783454677593,-2.93040753884143,0.452117949099932,-0.392756382865434,-0.46447611668046,1.72827024445955,0.678462809508056,1.50158570184808,0.564763523158502,-1.25610947654511,0.785890142420906,-1.90913173516984,0.689478297313876,-0.352626858085931,-1.19023788614776,-0.00247447058439397,-0.127665147124648,-0.848024291720276,-1.09218085389494,-0.0661582318369705,1.51612068445758,-0.0901779004792677,-1.77637652005732,-0.153930476496124,-0.198498536720785,-1.18771799146927
-11150.0406537093,-0.639412375164213,0.752977195573662,-0.590564010928914,0.0427179782258361,-0.0464257684617424,0.805963865649534,0.760858161070659,-0.57385363195241,0.465581733420511,-0.439316081447366,1.80697458256247,1.60291411030757,1.44386900246648,-0.157987690176356,0.256386500273179,0.104461440392525,1.60957584162014,-0.672973628250469,0.721961113840289,-1.30953076680374,-0.187764387673394,0.0822188698495628,-0.388215540861284,-0.285837150011358,-0.62673851341907,-0.491606873937368,-0.0588341174572145,-0.461814848758917,0.705095906021377,0.292525978923191,0.342006341282416,1.30882993663428,0.737309900389287,-1.47554671453293,-0.108853224907046,-0.293163684200782,0.14906158104514,1.67946523888871,-0.68529840867274,-1.16397258886513,-1.06370537214596,-0.331042770320954,1.64857148202559,-0.811448783772405,0.17334215813058
11683.9605444532,-0.43835599698435,0.00942315056140713,1.4296044677006,0.106765895604862,0.388290580166684,-0.69747960924576,0.666161166415654,1.19934726396393,0.0067115977154484,1.64581581040743,1.32844278170503,-1.4616271142167,-1.09490443532458,-1.11392666361749,1.53772510812819,0.924043728807926,0.151871548873221,1.16005591950669,0.0177061089877417,-0.55762961963355,-1.16657422861573,-0.178702814956773,0.0230287500013042,0.982960315652409,0.0766826042959,-1.07708529980154,0.284242865950108,-0.351620247335314,-0.733851217722868,-1.02351673758129,-1.49055733928894,-0.886709716044569,0.896947897542169,-1.99068965724794,0.792599695509937,-0.861518132422844,0.302555776026114,2.34287661491447,-1.20319563763071,0.886467767894627,-0.939500852133737,-0.917104645266688,-0.487334163505067,-0.171576438526198,-0.0960553516442575
-14388.0487934243,0.507202201016237,-1.004842033988,1.78207683535439,0.810849450886244,-0.485419585245291,-0.194143809383147,0.104490707402658,0.35874279195516,0.488314048486646,0.667185448944742,-0.824978966318232,0.380300138817152,2.50215659060977,-1.41001476069061,0.02793528695325,-1.68466471581174,-0.980048107247933,-1.01340362417805,0.151238604175667,0.0757447811287287,-0.940689942489371,-0.0164802168472848,0.0140645622828057,-0.49719467853652,-1.07398971678426,-0.793889290862661,-0.60090479251893,0.123898517205581,0.0544562522202995,-0.685741491992019,1.31234884388971,-0.818014738430624,-0.741287222951008,2.26492719614528,0.154376102499771,0.547706735423782,0.339251179154945,-0.696900124383228,-0.659204767952778,0.702800749416374,-0.356407448511754,-0.991688050026469,1.11483237957809,0.179873827105149,0.958525031745095
13088.8809443856,1.12921919723672,2.57924777423746,0.496328952104888,0.200598935679029,0.046845521172412,0.099990030117937,1.00093026616482,-0.429884229385942,1.08561747318491,1.01735970585157,-0.858112986127636,-0.954410518806335,-0.476735680085092,0.353633513522136,-1.57861533682316,0.254932026582603,-0.0293613534713616,0.334873678354273,-0.909427702118328,1.66766262113244,-0.479598629412199,-0.656988590948061,0.68809550006362,0.405230591137297,0.443312021741266,-1.00113954409582,-0.0380192209505847,0.0387072866753414,0.941984632511963,0.582706443653355,0.38888936390846,1.14964653731027,0.603010609345072,0.28671565958349,-0.576898773716923,-0.744617471831076,0.632703938442516,0.336558080766493,-0.0816517974296897,-1.73964393117777,1.59205334078458,-1.01749045784525,-0.0623780638327114,0.0538601300985958,-0.404435411997177
9720.88219750052,0.975637652505943,0.701311418048134,1.55533943213329,0.751570395719497,-0.519267233105409,-0.875652589610352,-2.30749865915419,-0.816000605528397,0.465791307100447,-0.226692850305762,0.158172464529081,-1.05244224363789,-0.253733894955023,0.045227508368016,-0.0276893574987039,0.731125384751171,0.514741352245523,-0.32162908914413,0.241436322611814,0.953963173643291,0.518314400106501,-0.327846004333182,-0.382375856282527,0.178814413818102,1.24836828481894,-1.22439732010297,0.272751145576377,-0.276507483599732,3.22493433123981,0.187396770979125,-0.72266991858913,1.58659287527465,-0.730516182917012,-1.30134728866615,0.693857331452624,-0.551104514275766,-0.529488870291813,-1.08792748592898,-0.127475161336407,0.278844238402899,-0.210095538907292,0.587729151543311,-0.244296739708425,-0.942310787757635,-0.544574373836036
5009.02991517569,-0.124603793241103,1.87923823775967,0.393484612432474,2.43085263059585,-1.3244183625488,0.419235836898862,0.00233330229495882,-1.75303697650131,0.243971403449984,-0.896674820881483,1.10539802646915,0.101940209761779,-0.553794190749977,-0.217349751136882,-0.223836879840687,-0.633920058032305,-1.35147155208382,-1.39175943140247,-0.928977342726153,-1.21733035226212,-0.692191386644117,0.390900658932352,0.625870985071701,0.203969870766111,-0.200953631139608,-0.168661264602401,1.25143716714271,0.529620296382972,0.447503017461045,-1.13886972750602,-2.48603980675151,0.497173757241302,0.787601145685919,-1.02242947806251,0.778958595185293,1.30784535223941,0.118057418335452,1.90502186005316,0.383103792532477,1.39799352435868,0.440592306640008,0.829669838366975,1.50787983041391,0.957888438866283,-0.0607949028146124
-12328.2619734872,0.428336579260674,-0.475061689344652,-1.94391183455819,-1.5776229082501,-1.5328024683117,-1.50498257968783,0.120814783756698,-0.783717706772916,0.622022942437037,-0.160141909265609,0.248649368293733,-1.07321685303565,-0.268621468522359,0.103392189891065,-0.0700858811039953,-1.56619747744141,0.102611338836947,0.719653477753564,-1.41332696687644,-0.084406425538632,-0.48926393387435,-0.606599798287609,-0.161529088436011,-0.768476537555407,-0.314334109712009,-1.19762174978444,-1.31495830850636,-0.824115652355376,-0.250555320877206,-0.763968684029505,-0.577311362560188,0.0972182200943355,1.22247251001014,-0.28094993902581,0.654354693971307,1.08237610827687,1.87737415329151,0.410935337264941,-0.762962485722781,0.250032125291784,0.900017579567291,-1.4163719447585,-1.10656120797408,0.0351839332505553,-0.32385894523204
-11986.4041590378,0.418726359882032,0.368079939539795,1.52409653357063,0.151773313067201,-0.399497766207611,0.362800602163877,-1.31314550584131,1.08898854290491,-1.79628803998239,1.05949715023996,0.787325251562184,1.51177033529452,-0.118862315544551,-2.4076018760316,0.022196887628645,-0.584679048707384,-0.324053003577273,1.04653637135036,-0.511186614289228,-0.119976605426502,-1.67875680719086,-0.893369967956168,-1.02736523462736,0.576401904530681,-1.31806335299043,0.991816105472343,1.18942987812433,-1.2016169870792,2.9120767819944,-0.477835809181509,0.214823748164434,0.57303746499985,0.292499619452738,0.653390900777649,-0.319118070575099,-1.39726293924965,1.51907258648348,0.291073293670487,0.284043641584032,-0.357507477320442,-0.78726884397123,0.522936808796472,0.837192662381344,-0.233722318561244,-0.20890132803861
-1850.24833603463,0.435466487033287,0.103540632491405,0.326622866608793,1.07527073794782,1.20685225061194,-0.208824372622439,-1.17165950171684,0.411355558995328,-0.145493064856483,-1.9966795250669,0.0440776150299926,-0.728013894586182,0.0654545596270888,0.768442629753636,-1.13348170413314,-0.752231511216856,-1.98716436018448,1.63027242530825,-0.367238323070428,-1.38647770739484,-0.423167233332257,-0.829735494040281,-1.09644105805391,0.45485521986142,0.0979317371454878,0.296019244304876,0.0245933794258194,-1.70144574976081,1.08485171507543,0.854772953034172,-0.32889306856538,0.101116270876389,0.812696013797763,-1.89910036529494,0.634264580352869,0.268268490149156,0.16914207370557,-0.263498956509301,1.97580662543917,0.605778024126555,-0.168611150819862,-0.384272593982264,0.98927819921064,0.488217054062656,-0.434308741612265
-14995.3073218763,-0.204262093810099,0.34634167179303,2.36751448934769,0.484794976308364,-0.186924077140644,-0.441333226419572,-0.715401608360255,-0.564996159469399,-1.8990937187413,0.157489689646278,-0.427246544872253,-1.75693532282353,1.29091526544585,-0.125702621375827,-0.285829591237172,1.03264831414925,-0.894149020807988,-0.767136775575284,0.137340555550172,-0.810969287041799,-0.0145689671228628,-2.09404022625475,-0.297909956492676,-0.225572711204276,-1.23701562877992,-1.19601078619119,0.946727538604304,-2.43692774546066,0.544621056854585,0.693045487267369,-0.645560923298379,0.644387153535595,-0.89995623557176,-1.16782428257189,-0.00534809510642582,-0.905160795422088,-0.350072598641855,-0.304082470377967,-0.209322948910773,0.440044141467209,-0.179813614095419,1.23171722974479,-0.0541421859140784,0.601745199597345,1.02993024776984
-3739.86824768293,0.30235349213565,-0.768364973239227,0.543911923581611,0.185568502373565,0.0952641279978857,0.246101839543966,-1.05542951201431,2.43807679465383,-0.748205407633419,-0.367445572181696,-0.529940270077554,0.0480280588996212,-0.451448160018661,-0.404660158296548,0.0360573621966909,0.232610839535807,-0.312308568492539,-1.37770130362172,1.2745421921503,-0.653711846626161,-1.18409875151017,-0.0362777365709123,-1.0075244238513,-0.164182872555086,0.620380324202345,0.740934101155312,0.608597410106515,1.77403486605262,1.45954436744954,-1.65931556547028,-0.648130915575406,1.00863144949593,1.02653011266426,-0.925412899727848,-1.3988205094608,0.0980915141364538,-0.844006108022032,0.39656384120411,1.60999962009484,0.507222885166291,0.32753500887694,2.96696133597862,1.54311947472018,-0.272322323578384,-0.614852874921405
2008.35411813672,0.694357797150515,1.09913892890434,0.763454952848444,-0.827612402021177,1.42184505089899,-1.15336434831505,-0.310801418644999,0.914393609325718,-1.18232849612221,0.446690827663432,-0.942486579047142,-0.242704778484699,1.95705748679004,-0.475086739503988,-0.745675371946771,1.23275886055517,-1.25621556766892,-0.0797223958718572,0.316506700162685,-1.15749050217423,0.358625004146985,-1.08699585367034,-0.629630793370771,0.165138456502775,0.563739016946426,0.477373244128837,-0.595667434074488,0.345838619406372,-0.853488706189875,2.30191946585463,-0.880468936670034,0.012526292462041,0.268014088908077,0.123940971547172,-0.755009818757652,-0.301655028571638,-1.79808616667285,0.184871377777884,-0.355164344046234,-1.16493126918478,0.313908981327558,1.29018473647822,-0.0673615508735218,-1.07134668138604,1.65698595772873
-4275.54176694512,2.37306566359656,-0.694490471150411,0.542695497868342,-1.03064899475597,-1.22544270554046,-0.160598556387616,-1.50909973696136,0.178067419890251,1.06539549992437,-1.13205624930931,0.136751162836031,-0.906785848701595,0.852801329982507,-0.0923555826327017,-0.427136208166731,2.64157833688216,-0.848228122577814,-0.858184339924138,-0.530443413273585,-0.235365417653506,-1.71907765585114,-1.50025942020132,-0.282557486765472,0.711296661874426,-1.20840904863411,-0.528561981840148,0.999003779526253,-0.586085870670318,-0.218095902376607,-0.993750828251277,-0.746028982951143,-0.820773865712725,0.00414581230964901,0.633077150243794,0.182100386103458,0.67532666848031,0.649891531008133,-0.780706701826551,2.30250530590377,0.442047160494708,0.776082183579956,-0.309033580150912,-0.00860860519579125,1.97895834156345,0.371825955674271
3345.60836675747,1.07597028517558,-0.203943674175285,0.0608629478218362,0.890443641580716,-0.15860009448428,-1.54692339840864,-1.40897224805278,-0.961494894448325,-2.01524046228825,-0.576898576834782,-0.86392632944872,0.603471315675021,1.76603505881213,1.5095133498955,0.845841256778712,0.567237236559981,-0.364454719558188,-0.250829162081759,0.486188621033128,-0.698605078124437,2.55112977273344,-0.538365099861259,0.417378971775672,-0.0391190869835889,0.0972926225014594,-0.66438585575986,-0.0265154521519343,1.83005509819151,-1.13539997361161,0.277657847984385,-0.358451603961656,0.774910279485325,1.24984123675434,-0.437339272660318,-1.28318262560088,-0.143055063868055,0.145582661121848,-1.17970749377224,0.41639932530142,-1.9963147943672,-0.361433263720834,-0.24679974967185,1.77795345262025,-1.7450402430469,-0.393414678992893
-458.201580434108,0.335384775137495,-0.329771494540104,0.313434890613992,0.494215863444926,-0.890500042837019,-1.3233316247534,1.4554628650943,0.854496936555652,-0.655745129445721,0.953029554042257,0.975381580466882,-0.0598884239697687,0.639583160429113,-1.13903239645355,-0.123252258402745,-0.54167961475129,-0.513183213068377,1.02165076102252,-1.64214084082918,-0.296345788460975,0.206104827450601,0.709235729974033,2.36079442572298,-1.32840998814686,-0.296892287683396,1.00962324327209,-1.51520097907753,0.538417279529454,0.895510733132989,-1.32197037636283,2.20309015106406,0.624363303375902,-1.1024495274743,-0.378714660848594,0.846300849185222,-0.307343424435969,0.800302939717065,-0.199988980621943,-0.185177399243803,0.0976162140014979,0.498702503815826,-1.4480949908345,-0.604875311175532,0.635879452889747,-0.799642068232938
14779.0775723645,0.753428233153259,1.2507176000334,-0.647464863850817,0.658813261834297,-0.697517081940015,1.39583525345207,1.41146215616156,-0.832295125956456,1.7050256252157,0.574771225018765,-0.0603142267696703,-0.67108672684745,0.705075977407768,-0.774857811764361,-0.325383406093724,-0.526813013112093,0.531179874310749,0.36343986954865,-1.09671193583439,0.853037514605544,-0.091035620918144,0.169950337445085,0.800059832275448,1.05279471538623,-0.30924497838201,0.346328548231285,0.278388798441021,0.719462709281672,0.446047249174665,-1.92993121823328,-0.427389464438269,0.494380808188151,-0.790922337185282,1.0035656303581,-0.590354248292225,0.339151816924599,-0.192090059134318,-0.623990332237598,-1.24485580714596,-0.06209497807892,0.493068705308289,-0.959359715322894,-0.0642779046039532,-0.0857009725974229,0.164091429693413
-7263.69343936332,0.664386277368141,-0.120698051197787,-1.62924906707572,1.90824311658391,0.821909638076136,0.225810765413474,-0.113372720582794,0.128398875273934,-1.76874761314931,-1.06731227204216,-0.325692034398347,1.2891827430757,-0.670310896819337,0.815574025801614,0.967437756041846,0.528868253139632,-0.946713860030759,-0.264287465587235,-0.827382809535362,-0.280153164093772,0.183207290666875,0.541663480232598,-0.717365035177251,-0.664286973122975,0.620531272713892,-0.567986379662791,-1.13906444539612,1.99905935004528,-0.941620107088065,1.31666717294543,-0.977524976877111,-0.290517339161951,-0.594054204465549,-1.15303009070651,0.588536412636396,-0.199116502970178,0.756402039404884,0.596907894580678,2.5531134547689,-0.210703244809181,0.657393260048198,-0.450284077309754,0.0765416986514662,-0.695350440003133,-1.02298474273274
-4697.5629759644,-1.09088265626008,2.3981191779088,0.189415413521858,1.21225283607149,1.11139519649514,0.952635691778575,-0.16032964605941,-0.323440906784592,-0.237643324687629,0.549030004161491,-0.256235617677978,0.284668425447723,-0.816084951615946,-1.74016537547294,-0.847938413239567,-0.372263423743104,-1.21812031267059,2.6934337430417,-0.694982125485969,0.276104309506301,0.849741446055247,0.599165175756839,-0.322551729023794,-0.239657346304202,0.0248459928591433,-0.188625184099851,0.783680308797905,-2.37428228930083,-2.10140847823655,-1.55352580958193,1.62903559887437,-0.707055484050832,0.288617032897715,-0.86510609182412,0.0280773858482432,1.26332808278806,-1.10872414353205,1.27446336887612,-0.992676439776398,-1.58854040188629,0.8590529134796,-0.555781885351255,0.121817616694306,-0.952113725417008,0.272472790862329
-3851.79990346909,-0.422770849136556,0.353052066895018,-0.515562548945796,-0.625223904668519,0.0724855731857882,0.75814377538582,0.18493472466563,1.66081784627894,-0.861205226647404,0.599040140802876,-0.276449584531284,-0.315515025281,-0.788538423142582,-0.333775877278726,0.489306307451659,2.73015766763543,-0.789837457040485,0.347430244521572,0.423392286692437,0.545328684943844,0.781862039291451,1.22351979603053,-0.942321005914339,-0.222846919384129,0.627668845574658,0.371044604774375,-0.64645335697264,0.374071076119692,-0.0270257939599475,-1.40823468608754,-1.28877699028397,0.545856893220783,-0.451621470746596,-0.504598586358141,-1.28449135635354,-0.354704372768867,-0.125960740900077,-0.154351381709437,-0.0762459681668266,0.0280994171886785,0.284314625018348,0.196815731925564,-1.48194867507782,0.225097422705546,-0.868909776828681
31834.5590791633,1.18340203906721,0.951604942001159,-0.978018387850581,0.644938630297451,-0.476536173877049,-0.640047459311416,-0.921570360583182,0.741634228304763,0.291655201838325,-0.5794935055301,1.36288582726087,1.27523503444462,1.02688380135888,-1.25385065736019,0.680687952517674,-0.700320226537622,-0.137898242596793,0.165445849924264,0.159777901674591,-1.31577223998701,-0.481300464471638,1.11337695959706,1.23102033658567,0.0140232187340149,2.73807053256929,0.260863393030092,-0.492464672331389,0.719219366828494,0.122638119189374,0.986426872320436,0.290810381169948,1.18161792483893,0.242573715340437,-1.54535052253963,0.430092541490594,0.305728842060458,0.337619813254316,0.0741949929929949,0.9814513826713,0.294943658304139,0.557695584290203,1.494503306398,-0.358099998364279,0.507855032584048,-0.529448793206822
-12835.2527300274,1.58482678928819,-0.315766040914855,0.123136782386628,-0.255714869885209,1.09990814444605,-0.475307537731099,0.95035798857014,-0.621689559258998,0.81053045665128,0.207973909488721,0.560197376751256,1.36106453717718,-0.542391677355661,0.326628171170332,0.527356600602455,0.194890862581467,-0.205336678907442,0.550756129719881,1.83038335820488,-2.08197789335517,0.93543943377191,-0.508802143151061,-0.475618256533168,-0.460858225894167,-0.518157949510461,0.241328718268618,1.63010144015219,0.852692466166182,-0.771796827230247,0.185583246858205,-1.0279703331934,0.481306464458599,0.188128843518651,-0.697192602570983,-0.505567289929849,0.564412348590622,-1.65147974515262,1.55385288621728,0.255931113982963,0.966450336353249,-2.01742777973728,-2.40260660066292,-0.167727822225277,0.438043888368806,1.77820306114367
18366.286066814,2.28085536916773,1.31553041958197,-0.576620564169915,0.254481074435267,-0.0755812661177164,-1.65078275480682,0.732509694982128,1.09528837271217,-0.857039147078569,0.509480017572138,1.67540922414437,-0.224281174789236,-0.514577503519832,-1.58906031477361,-0.259459233547671,1.62853678722002,1.05987277968904,-1.12376456694851,-0.990290516011188,-0.184677162521684,0.24320763099905,1.31811137276126,-1.08424568131889,1.83069236572804,0.681792147385014,-0.383398380218295,-0.581291711512456,-1.32910422668569,-0.634307707713667,-1.01219138216779,-0.269174860526997,-0.961084145797746,-0.197596003065531,0.282946259425851,0.248489652773704,0.268703397262567,-1.66275865509813,-0.305627041644822,0.758803190206358,-0.298237444414786,0.650972654638167,0.759083737338636,1.6174604098739,0.368262626760773,-0.425255544761572
1169.48911248863,-2.06545705078334,-1.83879794832658,-0.913896895951272,-0.249838423083195,1.06513146713033,-0.162968997161422,0.0837742123767214,0.782539411838702,0.131122507261635,-1.10542339737993,-0.102502711436322,0.588723271586668,-0.522067703758361,0.913292642118238,0.288319811161867,-0.44781150544739,0.528255305451098,0.480877486694552,0.668725782272059,2.0161279409349,1.11977663524344,-0.26702338829805,0.645679669506147,0.237830728154343,-0.70813605258492,-1.95815106795495,1.4826337490089,1.09299621483968,0.633954789845465,-1.20185904749257,0.143406108500574,0.082535419433977,0.754222896934972,0.226158533687817,1.03545347293664,-2.06580357561422,0.74146033086021,-0.973599768115417,1.10339246727927,0.11144763865522,-0.292795933338109,0.407721508372697,-1.22107300343556,0.735808235569715,0.250251656501165
84.7297700585228,-0.408111969631199,0.634912092178168,-1.56553322904836,-0.721703122579309,0.38875399949573,0.567622178224347,-0.799666294051189,-1.67605802957406,-0.487940841389391,-1.13519208481522,-0.268847537773293,0.33138905965177,0.436741240174143,-0.307425165040555,0.28761553455997,0.180549915276909,0.635695370887841,0.213595438220401,0.353951296719862,2.46867087478995,-0.443235528057152,1.81922969889999,0.808353611286485,-0.135069714397183,-0.47891814984344,-0.74418382016547,-0.0896971660794119,1.0758941790903,-2.46509646304381,0.185266192706013,-0.0026698156805422,-0.5625148094784,0.445554124467256,-0.77769250471697,-1.08680923734396,-0.0105831188347697,-1.33895515496509,1.16795410136864,0.490507557522765,0.406404805451711,-1.10090647643729,0.45835329084988,-0.511868423807031,-0.10549279171667,1.16155228503305
5049.57954148117,0.301014566354135,-0.180486903812968,-0.268203626883229,0.0858925805026402,0.648975712570027,1.22016720941158,-0.806574289361224,-0.383280768899085,0.0282183444408091,-0.206589102442732,-1.6474487019055,0.587088245756864,0.584398728966901,-1.60912894201649,-0.0429731749214669,-0.559739521066381,-0.780252218787826,-1.038193018812,-0.384633899747899,1.84263501860407,0.232409266867028,-0.841696593711057,0.919590245193188,-1.08688880161467,1.24645098742271,1.27661846994009,-0.545045105622408,-0.889672719379616,-1.62076992870647,0.0173649668020984,1.21837513051836,-0.360456200128398,2.1657031934807,2.34714814305822,-0.672941495424037,-0.17881965297185,1.54275193374423,0.107215827170111,0.519233655083382,-1.99267452343633,-0.793570073502348,0.248582016289411,0.910102533528763,-0.601184429508648,1.06264097232926
-12339.5266418091,0.696613077672843,0.380531594917427,1.68968353336632,-0.170399980195384,-0.0471066782465971,1.90883036463553,1.26969187301172,-1.06959124227297,-0.346249534627086,-0.450880972499958,-0.406272631072029,-0.87101174763606,-2.22903063097731,1.0112137968785,0.710921908338932,-0.0153981262809473,-0.0194638696328582,-3.5123827952923,0.677390821876973,-0.151980646901172,0.211201425924675,-0.122434951740771,-1.05572336175412,-0.409292774921706,-0.0319234526668251,-0.462071505046265,-0.876114231728123,-1.2824643778964,-1.29460489893608,-2.3247640113878,0.159667155380871,0.628271678920905,-0.454111860440273,-0.380226792083419,-0.533100844514702,-0.584360162809319,-0.525879604312458,0.709473409382449,0.107260676796376,0.270649056028816,-0.516967972918325,1.56506034292879,1.47146782391391,0.387286410666529,0.209526435626867
1350.26040963389,0.988183868483338,-0.230141929482195,-1.99606939376831,0.817473405705659,2.01792450131067,-0.989808326018431,-0.881677398922594,0.485971076113238,1.39625811367271,0.56017772750822,-0.0835486184764045,0.296069455565312,-1.18851089862936,1.53835549971488,0.605030941896174,1.39280123899636,1.28814632733746,-2.00553060431186,0.17800661623484,-0.0892913794874546,-0.00917778399554504,0.888040526538337,1.64534547166859,-0.605219250362308,-0.434424618037333,0.229092085869943,-0.149068199680119,0.638586563696374,-0.410989556357237,1.19606671628685,0.163482064851049,0.0382628347888824,1.22674295086582,-0.2004525110818,-0.404815450299947,-0.672648728144005,0.625253386858123,-0.112671550660848,2.26612968597694,1.8617913059728,0.126580652991271,-0.399167355714153,1.33977491311579,-0.81947807868791,0.646150438763992
976.383031842559,-0.284063233501423,-0.152502488288276,-0.854405685189131,4.57431690690034,0.159833733146244,0.580640993575775,-0.925209435870556,-1.46673231293127,-1.16176160655645,1.1388645490529,-0.535611547815337,-0.409830844122716,-0.0959636970453699,-0.239012532647298,0.237025417718486,1.6613992044844,2.15026501844139,1.77465890313852,0.00198148050541995,0.829371742575234,2.11750321179087,-2.7664946218647,1.21418202165316,-1.24415262770051,0.736412754172759,-0.790968326590892,-0.726256069297088,0.193941543092652,-2.00363761560418,0.206192121904484,1.37398919035283,-0.772793909923807,-0.312450013445797,-1.68675816945007,-0.266298508958567,0.0788238545962488,-1.05095818212499,1.27408345475654,0.496157888709496,-0.272124303748454,1.94864569803165,-0.0753361756580194,1.09037349784186,-0.47745877898958,-0.0356169648327855
-5171.16988364068,-1.92226746856743,0.685477818666845,0.016269623774235,-0.997654211973999,0.144881901306453,1.43952029005698,1.45855530072344,-0.538750370352125,0.919278962516254,0.540048558153703,-0.47494525191969,0.895131624341384,1.47334479432919,-1.61785209422225,-0.705684091702274,0.13397383519242,0.47876852208284,-0.762911242076649,-1.81622869288223,0.118572690501191,0.379767899266754,1.57968595070026,-0.0458319500686799,-0.389500645968154,-0.0534741049589143,0.682315588486623,-0.190461190519837,-1.51308459272957,0.295231751572886,0.0513044361416551,0.24871111875928,0.0822157459418601,-1.522174365863,-0.0696362021720508,-0.844198499566968,0.273926387714189,1.22104322026997,1.63816572478527,-0.774445663851692,-0.091226283357181,1.29172431920717,0.274107053070308,1.15297365661442,0.427996992991687,0.895047631893563
-1525.48164847092,-1.17371979920832,-1.73836892988563,-1.48959486684155,-1.09952416475979,-0.724168778073313,0.0369984479625868,0.552931331649375,-0.586479318213338,1.90636132631221,-1.47141070192389,-1.21079945279316,-0.362242796143718,0.779246508803253,0.956625248403421,0.911048077197765,-0.289126693529713,-0.214196318909959,1.4223089458231,0.146649325881712,-1.64791649875044,-0.0248349807212581,0.382516265193202,0.579266773416984,-0.461892336512515,-0.0646495982125768,0.540816795557884,-0.646668855439654,-0.961499841630508,-0.574754385398737,1.21479837307003,0.610941915609153,-0.902194156875508,0.48045207828046,1.41981229588645,0.596079303087582,-0.0557053940378579,0.888546292451861,0.392420471955713,0.578478595245868,0.608385137587463,0.52792474091442,-0.391380781084736,-3.11768475756461,1.83385630506398,1.9973061317978
-12705.4977673949,1.04428274320649,4.48001066952772e-05,0.520313213463115,0.436485042987692,-0.356350181013426,0.647675150964835,-1.0954767800395,-0.343751363860138,-0.433951930172085,0.160325311112888,0.220659291112161,0.936503974020862,0.790613446648602,-1.41679865668167,0.500412102908452,-1.11704378247695,0.552273560877615,0.110309189734819,-0.137673698992189,1.50438650281526,1.36666262127597,-0.150750167472316,-2.69715260309274,0.0529481300603765,0.687692026633382,-1.56805547658133,-0.303011055943515,-0.442713848252779,2.00108347887752,-0.623509937865279,-2.37562636961275,-0.745888182357846,-1.11265406127585,-0.461436199561595,-1.2280334727074,0.672036070848149,1.32262286159627,2.04603913487468,2.4251444769021,-0.592490198534558,0.372769298129874,0.00331542837225572,0.0756048510170538,0.174869033405391,0.323958436405657
-22698.0051771225,-0.132928101745741,0.559900235301536,-1.44006735258356,0.166864251578768,0.0787242061357529,0.12874730557824,1.40109074550761,-1.88844464267006,-0.56713294145937,0.583463976843447,0.252031153097402,0.199086904908286,-0.65771631955048,-0.182363433293182,-0.636126245070416,0.988509368774964,-0.341798829294799,0.218872674542534,-1.11151566847171,1.51965940495608,0.671112219681872,1.66391105102549,0.257377115890925,-2.49345365488403,0.377544768566276,1.61457706374222,-1.15113057067145,-0.623575329626958,-0.141942221354889,1.64194870660995,-0.0842722465375799,-1.77433090560793,0.47274054198028,-0.404543061335674,0.773450883862633,-0.823432774305852,0.924812045282319,-1.06649090771752,0.0887169502635889,-1.3079222569212,-0.224002782053107,1.28298391596457,-1.03802282272634,-1.3039331135152,0.606562186289662
-10435.1049348507,0.844877041274235,0.366182720715052,-0.807024762499234,-0.421661940641732,0.689375567328418,-0.663651570574789,-2.43875196837357,0.11231016774031,-0.735404449248082,1.30511294966933,0.515713605766288,-1.43027415069612,-1.8702911522485,-1.24878886776663,-1.12445276434598,-0.252291249475638,-0.600775595999148,0.710560946031503,0.067143227583965,-0.347422272086484,0.857178294920674,0.192660774637284,-0.476191922469853,-1.98149014062287,1.77222005628008,0.111871026573362,-0.910900103640386,0.40218241063625,-2.3623553571882,0.300096709335433,-0.436913335773689,0.00758036868498938,-0.505122688901644,0.788861858861055,1.47175295337077,1.78947208892279,-0.171458175294315,-1.65262815356063,-0.642474007439201,-0.33089358392096,1.23804063415559,0.0540156837787138,-0.596376606629115,0.570901602752882,-0.483535518100632
-4033.33862111231,-0.371592548239493,0.151698371975573,-1.12311243743151,0.0123970141457202,0.284975017090478,0.768884999045641,1.12813483567111,0.498323092221532,0.366115370280643,1.87374422574798,2.10384835816396,-0.960069789459536,0.236119190826733,0.264109631419106,-1.79029070401641,0.640578523020795,0.438924363385317,0.424492831564071,0.775275704362173,-1.1695523459607,0.216984219849595,-0.926611075700339,0.0672521159552733,-0.656716176411282,0.3251735351054,0.0940288882044131,-0.766494007787417,2.36805953079175,1.58469590250174,0.472400867781885,-0.900365915878676,0.272484702089542,-0.0568047908562943,0.389128899756877,0.425269557382232,1.04149534888415,-2.41411450279938,-1.26602274948716,0.68788002616082,1.62805060326494,-0.339703263656469,-0.206009482340471,1.62245960396503,-2.40881776145165,0.315827318424699
14665.861194652,1.0475838522476,-0.113320781500103,-0.712685413431961,-1.05106286093937,-1.84580481534688,0.463455670284795,0.0423888341410562,-1.26395534712581,-1.44960437411829,-1.76172151479532,-1.55363194343548,0.0633706249859514,-1.00480037259009,0.542286009655727,0.526133087790717,-0.289192945648529,0.992996470145452,-0.406842594897877,1.37876596151512,-1.0180651500561,0.214242951305862,-0.0949384136525585,0.397508850359806,1.81188300119793,-0.98062555475616,0.55565323099677,0.426231922121259,-0.964742042194963,-1.36502068423578,1.50387173545371,-1.07122376700588,-1.83054538521901,0.139965475355592,0.151705053132132,-1.17794696108519,0.107524355593283,-0.807615718156028,-1.18340831756658,-1.95683433245923,-0.0829209336582914,-0.185720696200817,-0.228605793934089,0.364674248679895,-0.0622869554869254,-0.480295317141246
14297.5999397221,0.925415677408016,-0.513858843660135,-0.96360941192657,1.29255107437433,1.43092789563056,2.41893681972061,-0.922344805594063,0.609001513449263,-0.304576331221327,-2.13143565870564,-2.57207630109723,-0.0515948486347624,1.67884849865423,-0.5149545907017,-1.62517433120851,0.658537000570131,-0.344264162754062,-0.54972947481857,1.27486772698211,-1.13974746386066,-0.57093703463304,-0.903171122287327,0.895281134554054,1.28160100086443,-0.74478769982401,0.125642089602292,0.860504577849211,-1.28006220717193,1.01370877778033,-0.590751147500186,-0.49390232132837,-0.0046172942678088,-0.199033088548221,-0.408593860126977,-1.22290023242277,0.682949114410017,1.85426894067506,0.843752648075518,-0.234429111507017,0.116123021924379,-1.22497274238977,0.0896179579249911,0.00506140038174778,1.08936469511871,2.04010557198231
-380.963106439985,-1.47860533258139,0.457964980264325,-1.21951194543204,-1.51974361993521,-0.389569890436366,-1.32164015213519,0.291312805246721,0.720668986871874,1.40557847926529,-0.727198948362933,-0.693197026272359,0.684566330923817,-0.5145840116136,0.0895666101881601,-1.6188821892746,-0.205895348343797,0.283828141363878,0.183906820361486,0.155412028170668,0.0788946233916114,-0.282095570834388,-0.056756010013175,0.675388837613046,-0.333202530920819,-0.181957669637962,0.604989439135031,-1.40857348621435,-0.118937280728638,-1.23464198726203,-0.156479756962977,-1.54750763765137,-0.619679222026784,-0.541478215813694,-1.38948582444934,0.0239468124365285,-0.0434009740788476,0.00111413523474093,-1.84882161324934,-0.680434434823608,0.585456934468338,-0.743558889336398,-0.984160299448432,-0.273544228028203,-0.308770187758639,1.27725083932081
-17472.1481088383,-0.922634940337402,2.70467563352701,0.141901305444891,0.237268557322188,0.036565815591563,-0.414802934503485,0.269036272656955,0.265653502899872,1.09824042517228,1.96193526052716,0.00852768258497388,0.367680839970094,-0.523480530758057,0.00684857796084746,-0.184741331876415,0.475355367760833,0.842508727381275,-0.385276457648131,-1.06530903326943,0.115925890543017,-0.657123254716976,0.125793116105834,-1.99697696412066,0.0767720529668858,-0.48989711634015,0.665142516398673,-1.32255240487463,0.362494017288055,-0.0570662304991116,-2.22798494141688,1.67213985893768,-0.575814245318006,0.0226709405201372,-0.558490011524068,0.0590269653629689,-1.65706920179372,0.39372336859487,0.215849526440955,-0.0069994368602442,-0.787316890451141,0.811214111975829,-0.676264838993116,0.261111539831204,-0.180967705930447,1.84397378364356
1.46346673196844,-0.0849024371363742,-1.17051678488231,-0.448868937332722,-1.15686687637062,0.609452248872229,1.197926645522,-0.163537876151103,-2.4133280349991,-1.38228027381998,-0.751696764854644,0.47495426801773,1.25627229271931,-0.163278410703458,-1.93252352206988,-0.921324954153538,2.70613281949275,0.0546465580699288,-0.312218153124287,0.633977567786661,-1.91081800671832,-1.36112051688871,1.35554135040309,1.62042879371995,-0.336607045309378,-0.923009129875784,-1.95645561271759,0.098897867029813,0.720053467493146,0.591439745091535,0.0475638365139122,-0.581402127999108,-1.05395511813899,1.1984930729736,1.82523361603566,0.610299517016203,1.8954345934188,-0.909550369776757,0.725314541323291,0.0483301848898713,-0.711356206724741,-1.56442855807752,0.0895054041285338,-1.96975215404908,1.11221486178436,1.45596159506938
16162.4358162271,-0.866510044884447,0.92456410234352,0.388483539481337,-0.224267069508294,-1.32030216748566,-0.665348429553138,-1.06525767182556,-0.5367387428192,-0.099943296222026,1.78579192298952,-0.239082771876953,-0.424775261199128,0.428295848821185,1.27136805027453,2.18564491010583,-0.0356028890650241,-0.358406956158939,-1.32328154901966,0.1712475439695,-1.20562645914255,-0.645766925175363,1.33871311452305,0.65353171066009,0.527011365531522,0.671836236074836,2.28453145537594,-1.29461290779197,-0.485495838336022,-0.103421329961842,-1.02912541620453,-2.50282813832006,-1.01094965215828,0.240606737499386,-0.394975873374955,-0.207886060869564,1.06560595045116,0.306716368103798,-1.86198448659586,-1.99798182466343,-0.72226965169039,0.348703261920335,0.819170207441512,-0.417596558307798,1.30896893946114,-0.294685169994847
-8340.14217107027,0.675042362877111,-0.62128347954665,-3.24594245366823,-1.24682917533019,-0.712405124174259,-0.173229235414542,-0.711111216249869,0.908034612449837,0.102001231025468,1.73198509752637,0.855753795341899,-1.0269501322334,-1.48264033555256,-1.00810785967283,-1.4721142126956,0.689271976155302,0.958340692719689,-0.161449598154069,-0.196124322199379,0.242550312878142,-1.15087380448972,0.84206869061463,0.0697492049186145,0.406735177901274,-1.59661405798996,-1.74945508632376,-1.05575718693864,0.275737628123966,1.07977603560094,-0.109288311784164,-0.537214168004217,-1.34837352564539,-0.266938765372598,-0.00957169614847539,-0.46867067508711,-1.76076700410283,-1.11473376121104,-1.08256635780031,0.588425357667333,0.239218135053072,-1.53978933706053,-1.26514258907537,0.396337559781217,-1.4680096667365,1.94655164452696
11490.7879087265,-0.0807049057892036,0.926982816146311,-1.1917796533322,-0.375399113314849,-0.883526813057874,-0.645728573056964,1.40327450086693,-1.79443397522263,-1.25513331822819,-0.404560824406755,-1.38136814774143,-0.34867022283159,0.0213996412768041,0.821428421577263,2.29678804168231,1.34380313095608,-0.383904440905327,1.59275464769231,-0.781108231254624,1.66507478588214,-1.399807095293,0.288324369114878,0.723119784420439,1.22875934091195,-0.875833615852347,0.251839461058164,-1.01973137337621,-0.940269724611086,-0.280405269029386,-0.126671442925157,0.586101034652619,-0.983480752180542,-1.68996028137216,1.14084391126103,2.40439678540193,-0.120430448215982,0.482524360657209,-0.867660346854962,1.53259990141246,0.549164689844392,0.267063525637238,0.147240869534036,-0.216692070193791,0.855276159345344,-0.0830271636571751
-8268.32008039881,-0.125592610461777,0.382992568110292,1.41736401002889,0.734932692694427,-1.11494029050111,0.301106519828968,2.75510086546069,-0.621901875086191,-1.55071014042519,0.39591901428794,-1.77212395759535,0.538902137504903,-1.09878390992151,-0.772758148960258,0.82232993149604,0.976507814295446,0.0361398089515262,0.296217035754223,-0.0909493278638229,2.82858056885091,0.728470444534611,-0.907598043096089,-0.202891910508405,-0.571846235162163,-0.0537520643616756,-2.17244334113101,-1.54636897336258,-0.903031888960296,-0.852069165489356,-1.05310260428753,0.607161828215706,0.347538411994637,-0.038791253417058,-0.159889955484055,-0.417768138044644,-1.12026164325495,0.2801221188661,-0.453275586227046,0.766646722457483,-0.299133608211833,-0.380298407405912,1.31565970465364,-2.25566150760001,0.405271570754616,1.41679919821425
-4807.57189341389,-0.388331085409366,0.00165853464914926,0.408629470743699,1.42992365752391,1.42199183131298,-0.867792867336713,-0.320675941087472,1.33662344161378,-2.14964255529169,-0.328775629288832,0.330642867052635,0.437717044603636,-1.85273885182451,0.965248488615644,-0.380861904436711,0.633719529713977,-0.860117398059562,-2.3684041437226,-0.0919700473709697,-0.384205381810544,-1.07910931608363,0.288325437599944,-0.851514751746539,-0.0401686293821151,0.201610192777331,0.262168979573277,-0.264790370917894,0.760083150517598,-0.511728990363568,1.65744777083898,0.0634528744412391,-0.68401853206094,0.107646222600316,0.29477077137798,0.024341774858676,-2.68076516778931,-0.447113074758257,-1.16363028750164,-0.0666352775969269,-1.04724965061098,1.12901248356256,2.21848188961185,-0.309520378199993,-0.709421259362072,-0.381727321435538
711.588278476324,0.0168273947273289,0.756699254138847,-0.685743113127996,0.511392255135297,0.745567902434543,0.129682167663934,-1.35386139741986,0.884637223668333,-1.35909766341276,1.11162021401891,1.05617538868815,0.118826267190017,0.99140385647499,-1.05693764245421,0.689984038843444,-1.33519280172528,-0.605629046295619,1.36255484381984,-1.07036449088144,-1.03228089800153,2.47316702834667,-0.328135718547036,-0.429053365887356,0.261572843234048,0.0974026132136818,-1.00986415723073,-1.15927923737879,-0.912888997966121,-0.779853057781402,0.788862263214435,1.44090146760789,-0.623637930479255,0.993056198652452,-1.03517369254811,0.0661364843649289,0.209676088938971,-1.22726062664727,-0.895915651817545,-0.446326169156095,1.15597671705331,-0.585890101707863,0.595717560361941,-0.223301715492049,-0.359287221126727,-0.730388104416216
10633.3666554448,-1.12630658940315,1.59310275196004,0.594082664713447,-0.846781501774038,0.229317568678639,1.15287912350442,-0.638741848692172,1.98402252592352,-0.519953062798572,-0.675072884663825,-1.4482410975855,0.190259225860279,-1.0535291692057,-0.508585532500276,0.318853164636728,0.684400153416473,-1.48560368721278,-0.321099676794314,0.875360238638143,-1.41921143469092,0.745372737056374,0.450108737511278,1.07745924546521,0.804870821341067,-0.708458038889702,-0.174498925078388,-0.226243719224572,-1.2507743404118,-0.870234513256605,0.62964135752139,-0.340264948073843,0.169481048929375,-1.91206980601142,0.325804075842666,0.722832198916026,-0.0944922350426287,0.308139881565803,1.90764213414965,-0.0530189569824471,-1.2786176873822,1.84439482758681,0.38616299976052,-1.42695384810529,-0.220326067568376,-0.642989352018363
