"Y","X1","X2","X3","X4","X5","X6","X7","X8","X9","X10","X11","X12","X13","X14","X15","X16","X17","X18","X19","X20","X21","X22","X23","X24","X25","X26","X27","X28","X29","X30","X31","X32","X33","X34","X35","X36","X37","X38","X39","X40","X41","X42","X43","X44","X45","X46","X47","X48","X49","X50"
40147.1826999157,-0.81947807868791,-1.02298474273274,0.372632967062403,0.711592141302843,0.704385524285089,0.283359254733307,-0.875567731084781,-0.571613325903537,-0.112867385662289,0.986257737211624,-1.00576309497052,0.321397644700965,-1.01666576547034,0.637841151259292,1.20592041140688,-0.19278183267987,2.36862846860183,-0.236414075249219,-0.732458050934003,0.390059859574727,0.433470954805231,1.09906483552843,-0.93165370133773,0.107870228505134,-0.546918038441203,-1.99210049257441,-0.533126287386553,0.0785327753945954,-0.448345382995527,1.03939012650988,-0.284207362733265,0.364604064578265,-0.960401781868566,-0.496461302351076,-0.630803019547987,1.31140522644532,-0.27654491838229,-0.562326577671896,-1.3617829736485,-0.398343938776643,-0.200628967649313,-1.57583661903466,-1.01268896869323,-0.194394777232385,1.00908352414255,-0.454080589197231,0.995752289381247,1.32293064950232,-1.35505153546008,-1.3728984204845
-54554.7381585219,-0.47745877898958,0.272472790862329,0.518057817407942,1.16151045315964,0.201614506146699,-0.279335772041669,0.996087543104989,-0.997593820012655,-0.41555078776451,-1.4934085590001,-2.43608172421591,0.4320880672136,-2.14491659343683,-0.739626474142849,-0.930067394301467,0.621421817130819,0.372176496326652,-0.909884946248164,0.522748040890035,0.287818872573393,0.516590391862234,-1.9074088334943,-1.72513647150795,1.62608665408776,0.262443389117042,-0.0589416900373199,2.28005603609966,0.625246083988184,1.46665579705521,1.05185657450376,-1.62082706479885,0.215155124085269,-1.33658814612735,-0.337870576664076,-1.73982391039053,0.0512781992403535,0.083855937438633,-1.87398000362374,0.141063384296233,-1.44711230002597,-0.29391177781071,-0.0272100632958538,0.760646215309241,0.283810207430632,0.220528661245334,-0.592908556126391,0.194115402526988,-0.617023134500603,0.550261521931429,1.66925969396621
-10037.3850887282,0.427996992991687,-0.868909776828681,0.41345726158972,0.256623736501574,-0.734118736337281,1.60984818496396,0.120286203067475,1.20356900739106,-0.808502623220927,-0.432136345290196,-1.41912115841946,-0.414446940489025,0.678950767353756,1.71780236146625,-2.67174509624236,-0.305404627383472,0.709550211528265,-1.47230738902786,1.76982682449113,0.937507086232549,-0.704168418191043,-0.62577062420373,-1.20431518874812,-0.671042447271129,0.566192625998381,0.691583739706933,0.0554998882887621,-0.603313247178721,0.731711856469859,0.216577921487206,-0.198083700937554,1.07534681301151,-0.333551308210429,-0.799802161030047,-1.33146467881247,-0.231349872949286,0.568449819642309,-1.753745283809,0.201440621716052,-0.257192364829703,0.0755824796599396,-1.38104089991641,-0.815544821777367,0.977432408690076,0.236558829046089,0.559258375302046,0.989380643104824,-1.27659310336813,0.667204282297227,-0.0862290000676887
-22505.6944826839,1.83385630506398,-0.529448793206822,0.318267297047143,-0.056752705506127,-0.409568493323445,0.914245284282287,-1.15130881287819,-0.594832926613917,-0.652243519560015,-0.386170115543054,-1.32894127561705,1.60570117853922,-1.60641892767174,0.250476513192752,-1.63345338406887,0.696313133964806,-0.70452896367043,-1.55080796681349,0.942725414213997,-0.153180397943466,-0.494256865988464,0.589553124364362,-0.188936983324233,-0.948854206608398,3.31548800780276,-0.524819362616863,1.6214504361662,-0.690312340327653,-0.138898298418155,-0.626229960342983,2.53960431762942,1.35257869977657,-1.0754796825573,-0.893748561694942,-0.0995485211821031,-0.958100569825653,1.21414150518795,1.44537595098226,0.299429114951986,-0.507764744762445,1.77949564199729,1.23205740199782,-0.569386795818742,-3.52094174568405,-1.66581018144328,3.30719840657062,0.428254721074417,-0.475404017195561,-0.129142538648031,1.17307480837741
-73061.1378687553,0.174869033405391,1.77820306114367,-1.49919563009611,-0.178277874123759,-1.04698135316556,1.34392095726191,1.04931162937907,0.893260702511924,-0.409248239495824,-0.147975938036785,1.58243124939053,-2.03004116704984,-0.554450017503341,-1.68602069479789,-0.907709877040678,-1.68960608534412,-1.06753919179131,0.541272017527197,0.0730434537625108,0.865951284399546,-1.96060243711637,0.847493769350997,0.978946462065903,0.655951319668953,1.25117582295258,2.67469371358013,0.199376936511002,-0.784865110668422,-1.60638541795076,-0.770747832839675,1.49573871178421,1.24386037723778,1.56179139733926,-1.1869548660409,0.129561639564739,-0.0370340575749579,-0.69044569385292,1.6108970916801,1.15358502107496,0.462609192345265,-0.341774306913256,-0.957835666153416,-1.03435298306639,-0.384820206726068,0.116388521559218,-0.890507329207049,0.623227930134868,1.45594077129733,2.23848285784407,2.37241430764387
-7830.21082331661,-1.3039331135152,-0.425255544761572,-2.43018394195635,-0.138057948784476,-1.08964411925389,0.248707345854094,2.16389545199543,-0.766728755422723,-0.699167147408804,0.098841386633536,0.728582706495835,-0.565282895312594,-0.0812993682649084,0.927115258448158,-0.307038096516206,0.483392681005629,0.148608431118943,-0.650649348318791,0.0270766012253939,1.00712654146191,0.211854370534486,-0.635702114842689,-1.91501528129203,0.325973532479523,0.445223177284909,0.455586667219597,-0.483409456448443,-2.22995050182832,0.178798027887127,0.205667474367743,0.666841701690851,-0.186827543596221,-0.986092053328794,-0.457577863075,-0.00711065512438675,0.100791727513088,-0.187899559696322,1.73926548689715,2.48799478886973,-1.17462365065129,-0.0719375047256144,-0.902035746881033,1.62564419165944,-1.88815188806471,-2.39980204687202,-0.493172773345127,-0.174207276049332,0.0608617290388647,-0.0178664539109643,-0.95668106034145
19569.7862937756,0.570901602752882,0.250251656501165,0.736320184676349,-0.578240619369319,-0.881520406591817,-0.0461703397236784,1.74207237089547,0.260578070133126,2.43794380193223,0.310452022040197,-0.460079803674687,-0.706262243693397,-0.986814426943411,0.653788292737304,-0.572371721079958,1.23681026544468,0.0536028850270412,1.86352611234669,-2.32411817696714,1.12418103692737,0.900867741159628,0.783740854041718,0.528791382090024,0.452262188407446,0.724704320553294,1.48220001044055,-0.498706815365584,0.988439555258165,0.407225995363842,0.0517659271147847,-0.496187907442661,-0.788288234881215,0.24273260287072,0.230589189772526,-0.584217902886194,0.223376906381274,-0.555157515488706,0.206518733369403,1.27427943729079,0.0897841160630063,-0.612406114763606,2.5584040038004,1.8619973513014,0.207409413483833,-1.57816604405102,-0.347825946762434,-1.5088995936929,-0.111201292454018,0.431444760247479,0.837294253065202
-2044.01498843534,-2.40881776145165,1.16155228503305,0.0297608034995306,-0.930124230537781,0.948510266335662,0.313527729869588,-0.531509816473215,0.206559559209316,0.969544462697313,-0.0756024434075176,-0.294234256179231,-1.50894823379989,-0.747311994625095,-0.512806109176141,-0.131672684733053,0.445363690677946,0.581681709987691,0.0692635909122676,0.162553945606632,0.536327808467659,0.526181132948822,-0.5945829098848,0.499492882739706,-0.875657381659011,-0.106069116100307,-0.555205135363129,-0.410139079980658,0.261865496437348,-0.866678502971483,-0.0469578196334479,-0.287309156220895,0.76623389732625,-1.06046632773641,1.14965642193296,-1.11965487744691,-0.105193297760167,0.239842793120473,0.517268456624404,0.714894878978961,-1.2822259385751,2.24458340399701,0.286416625549448,0.797172390737413,-0.218721641736011,-1.04455040937842,-2.01440996535851,-0.809218174946239,-0.193237783052007,-1.33474740214702,0.196063748234951
18011.1051206045,-0.0622869554869254,1.06264097232926,0.0782496611898706,-0.825428566028489,0.77741683212341,-1.12217309825287,-1.97085536677177,-0.870889426056774,-0.402103498953823,3.54689819912052,0.960353828752187,-0.532564848061849,1.27384097382745,-0.42021447472918,-1.4574488640326,0.0762721646834855,0.289565962553058,-0.132525794992938,1.18349266153049,-0.267037216240615,1.37966551643314,-0.376566211737798,0.570337071888479,-0.647332255563988,-1.65766665569416,0.583108501845415,0.786204755674587,0.376878781067544,0.586658185391149,-1.02380912432605,-0.14971273584052,0.550018953967709,0.0874005317936099,-0.204984859617272,0.689056967152333,-0.0291522436848505,1.07655977861801,-1.24361970433914,-0.320624949160751,0.416120839683747,-1.51500495883144,-1.56593407981009,-0.299546957323707,0.12307007378035,-2.78935599465451,1.79882848802348,-0.720934885902851,0.767958875561453,-1.35900116649539,-0.373970874548017
39837.8491593736,1.08936469511871,0.209526435626867,-0.874375785724412,0.21242111977637,-1.68442670186028,0.610347458365231,0.82605442835849,0.741150860132549,0.910890419178549,0.689943484266229,-0.977718708738721,-1.34951560900903,-0.807767942633509,0.53484186706985,0.380061142760483,-0.619857485654312,-0.272769797982646,0.792602681202974,-0.680962226811137,0.522796027137863,2.54542261871263,-0.316025441510391,3.03804765432965,0.739488848088657,-1.06639254852976,-0.773215579415977,-0.790585361083455,-0.391688773577521,-0.175598733411973,-0.576549374987571,-0.796826631016981,0.931668987140714,0.73452971522044,-1.01452215835427,-0.556084318591573,-0.352297715322205,0.483200724694664,-0.615925601644591,0.801822948063689,-0.259247506659889,-0.266945126893982,0.527733550255886,-1.2122529984819,-0.638552634160127,0.769921432177883,0.429362054946879,-1.36822673624096,1.31882762002347,-0.760886605963741,-1.82610077408068
35721.8192176093,-0.308770187758639,0.646150438763992,0.989307788214107,1.06340776447121,0.0988790750298888,-0.162457007347727,1.07806482225067,-0.3307851857204,0.056500875787658,1.19865386730476,-0.632785614767228,-0.831181924909003,-1.26151721742234,0.26799015039971,1.38439665176805,-0.0611171689576087,1.42906845507086,0.976667187674758,0.888673694078283,0.542450297557535,-0.431553480257157,1.00009405080559,-0.0453060707583978,1.84787647571253,0.0509473025202137,2.15397731213685,0.0111785625773353,-0.428329778704756,0.59817673563521,0.175697258705329,0.203451052978265,0.637177701676937,0.782679103922986,0.89912138151362,1.02053572752723,-0.323391525062627,-0.599669597100488,0.212402385795862,-0.394602816117241,-0.340871020329136,-0.078197291365193,-0.198598552609247,2.45233099469355,0.330734195592778,1.74322631429494,-0.336617489237598,-0.0782557656484728,-1.73137533443941,-0.801432956101011,-0.365536871429672
-43679.1093787929,-0.180967705930447,-0.0356169648327855,0.191520485864242,1.36704431056643,0.814084690721815,-1.77078141767551,0.51513598419858,-2.33952134964728,-0.643154538490285,0.940628306079806,-0.663672461403129,0.465157401308401,0.116267210496479,0.108988527062843,-0.49077896848022,-1.59640414528341,-0.740895598637079,-1.29891206795074,-0.80732904204092,0.505943309639177,-0.266747224014042,-0.480132004532452,-0.324464637141199,0.431686283859778,-0.124865171250393,1.86937003568205,0.145902125780638,0.829055173925935,-0.38547121098826,1.27067594074009,-0.0674422478638698,1.54618039782373,-0.0934835261769761,-0.604289309647158,1.28623151401645,0.559901553644409,-1.06340544004363,-1.01199511143248,-0.164965774033381,-0.449925611396029,0.0981140977312824,1.10669336728437,1.03148293582143,-1.26631655768786,1.03093183552608,-1.00704685061353,0.12687571375035,0.102756223604322,-0.166555775404134,-0.40686682852048
26907.9738834061,1.11221486178436,0.895047631893563,1.24837398468436,0.436415626556111,0.406236448850305,0.244301351949394,-1.04076385737486,0.657112001511028,-0.76912510721835,0.682996540980417,-1.40083645971564,0.186079134255076,-0.464455211996722,-0.680179941188404,-1.14508146221152,2.63674062804469,1.61345034099482,-0.825079928487568,0.306620273168868,-0.14414304710376,0.798620876283809,0.402452016564148,-0.935020333330611,0.0758958585735254,0.257978516703214,0.200792021826575,-0.474750890889281,1.10664389508055,-0.00993797795846655,0.598488615826806,0.494272389966944,0.817920358399058,-0.671344097264194,-0.0725184559586318,0.179617547181618,-0.873591016096546,0.198837462315629,-0.274623419052464,2.45832895811846,0.259108209372809,-1.6294572061166,0.0375024919359405,-0.0657186293322483,0.436420137997307,-0.160118978062791,0.639748954534604,-0.408614059455241,1.70715308623095,-0.146165373065032,0.0828403339040086
-43735.0071688534,1.30896893946114,1.9973061317978,-1.64711716934644,-0.336603022393706,-1.2816523522844,0.514412041533587,0.424167390119037,-0.562099691150957,-1.60609244743232,0.22145464321008,-1.80416885576455,-0.427388434308976,-0.368409385411169,-0.68327985594754,1.03093530761538,-1.0747504939811,0.430535642525784,-1.68017044635696,1.05501344751221,-1.33037452906405,-0.83695875989678,0.490566019714965,-1.68754720319518,-0.49520710018803,0.529057171348483,-0.935024443751685,-0.414725056820402,-0.293285493735517,-1.54384728424666,-1.00717846004687,-1.01048937737736,0.511545005500413,1.16490397444794,-0.984152680265015,-0.889777467122581,-1.59167276430078,0.37669075678311,-1.18812291553456,-1.03677775508555,0.745921896750544,1.4204813672641,0.346000898177191,-1.10241734045317,-0.567719333517347,-0.106545686402294,-0.742043125981175,0.382121578389096,-1.17710366108969,-0.454309210454696,0.766799350003432
25488.7081928924,-1.4680096667365,0.323958436405657,-1.07318546923508,-1.36280613773666,1.30173891225677,0.904230759037333,0.789721703559283,-0.832865680960437,0.947219801864686,-0.0971038119853599,1.62742327269198,1.78697820557555,-0.183959704398216,-0.751349975571721,-0.579236321774877,0.176954628667832,1.87881404101542,-0.591267315943941,-0.392199639270989,-0.197753839779622,-0.2980090149504,0.765713601071911,0.561299022794224,-0.230289161660742,-0.48042344266199,-1.01410222571748,0.915024273850282,1.31301158620768,-0.483130162715108,0.746117217081801,0.66346610083571,-1.19176282140867,1.01948399986617,0.665000506387399,0.768042293392733,-0.28273114445964,-1.51376855385125,-1.25435028116494,-0.529848145399408,0.209125601875021,1.38709741916089,-0.579040885799663,-1.49787414857204,1.37468439222128,0.550442952713099,-0.233027488161281,-1.06246845463743,0.822093238322897,1.30244296640725,0.455093353513676
-42525.6835703594,0.855276159345344,0.606562186289662,-1.9194431112386,-0.535191972702472,-0.0615683641767686,-0.38317387499097,0.369732191071363,-0.110079640143902,0.0901540135066728,-0.0968276011015734,0.34732919702149,-0.981264553327141,-0.488406215660426,-0.0809510745255648,-2.0804712650459,1.71276540816354,0.134938993170191,-1.72146686138013,-0.713856400646477,0.541779552797157,0.0711319940614646,-1.1912790879586,-0.836128441871007,-0.963420941686375,-1.27386477016503,-0.437328556521882,0.405036519849752,1.42945332579863,0.462282310866294,1.57842238020491,1.47624316962958,0.633825609795819,-1.89610551093535,0.886295829867873,1.02911280648079,1.16086033274285,-1.03722622614327,-1.11922173834146,-0.806572416622317,-0.0650367881501933,1.04905866113513,1.02079726588419,1.3883687710482,0.927826717358291,1.8772760238034,-0.298291809501812,0.0163005231373126,-1.27984697867216,1.49641213619414,2.01332580829193
-28828.2683980054,0.405271570754616,-0.483535518100632,-0.420827422759052,1.9411603160444,0.436348638271333,1.91735793500068,1.03979088827463,-0.600604413117778,-0.0205140556923015,1.29349333628301,-1.25778885143601,0.927582716462027,1.26763451811754,0.0027886276089104,-1.51303696140801,-0.514426620267319,-0.524777614770235,-0.786152459614408,-1.44120627635059,-0.372343995237173,-2.39575957682791,3.05979771573037,-0.476412344809323,-0.236202598548211,0.348150531760808,1.13637181813153,-1.35382550910437,1.71732930350814,-0.304249308976687,0.364180098667668,1.07419049970676,0.313730818184622,0.931759329573188,-0.0237530859779539,-0.868827392083783,-1.07005582923863,-0.576968361421834,-0.0289334984276113,0.888442464636623,0.140696320220474,0.384076716351824,1.91051251560739,0.864034445875207,-0.206861418360637,-0.315829516213423,0.105411368787834,0.924447352033882,1.4480612688479,-1.71926374080624,-1.97553258291058
-37096.7234743841,-0.709421259362072,0.315827318424699,0.0986268515943779,0.227031246960417,0.975228899226621,2.79564855749966,-0.0178314599577992,-0.496521236873687,-0.220925190313583,-0.180480397800547,1.41714790099962,0.0184367962745532,0.494587600291979,0.22717678323334,-1.80832558099935,2.32717332630864,-0.521111860769853,-0.687616972390944,-2.35539932602588,-0.645823034080137,-1.67874932448222,-0.665387144269506,0.885087518880547,0.172918529093261,0.812486612028779,1.05914546812726,0.739191676993793,0.500768108580444,-0.381823615356592,0.413815705066778,-1.19499907612177,0.00632959122408652,-0.11708542440504,-0.132167472071277,-1.38012260652758,-1.12355548965187,0.0254947801781107,-0.410230696534329,-1.29572110953992,-0.767161019935841,-1.40161277145447,0.718493804740813,1.0322232761165,-0.561590460870586,-1.67476396558294,0.159344214449355,-0.686795872580974,-0.525303312968898,0.391848261528461,-0.605542570590044
-14476.0963468013,-0.359287221126727,-0.480295317141246,-0.883595895240642,-0.640858109168379,0.880046787902848,0.0877924906793947,-0.602047779669489,-0.489022917518674,1.0367495790757,-1.02462502996791,0.383771323283291,-0.418269152515895,-0.252670429326747,0.681786159704151,1.3252245765911,0.26458060972887,-1.17967412622014,0.62300752512606,0.0530981994575785,-0.423970067852131,0.240129764772392,0.0293968632593213,-1.81644754794074,1.80469039289412,-0.61332569151255,-0.0401090833228149,0.634770854787545,1.05893683238786,0.0936130035847235,-0.0341179330792882,1.78556755644672,-1.79317547027611,0.627984402842553,0.655046083474435,-0.071198947266468,1.63602654123078,0.197519677666294,-1.57477623569586,0.391122318994465,0.0155350995427326,-0.313307766215647,-0.689827105589401,1.8365462580984,-1.75387298444827,-1.10147114739099,1.27030795480937,0.0967897339448081,1.6756464629665,0.781626789106651,1.53422343755587
25381.1581316991,-0.220326067568376,2.04010557198231,1.75875910649122,0.440179339648266,0.863366255002518,-1.13199341723487,-1.57658263545376,0.549209923785825,-1.13064945402741,0.689028183230752,0.0904658288809719,1.31000344802029,0.74480575034804,1.15443128477602,0.782190105900942,-0.433571124997112,-0.618167934183348,2.05236937136039,0.279666457571377,-0.888676518935684,-0.00117366312717649,-0.999528596539744,0.791140834345624,-0.29165929729681,0.445132859637324,-0.958451842609139,-1.17885258765974,0.703387963017412,-0.277070780370854,0.863541496667471,0.491305898863608,-0.277422285435126,0.389238223494234,-0.07679038464734,0.224851714869338,-0.348623169965557,1.25312805287935,-0.201906101876575,2.19314477694673,0.367030145516392,-1.317188422678,1.56881338352112,1.61457810797085,1.27770358154124,0.768573689641996,-0.462144876044175,-0.00359406173103183,-0.431859433993242,-0.0559997968154433,1.02743132676614
-20922.097120005,1.69602182681554,1.27725083932081,0.276176584980168,-0.0535380588272698,1.63609021691485,2.36519806575533,0.152567448674263,-1.33171351409893,-0.541703693217174,-0.250871573247949,0.288816375051364,0.354491978105792,0.851419426775045,0.391234864602257,-0.0906973753870186,-1.64261590431442,-0.981926581518466,-0.240838085717409,-0.820665431773165,0.0591180261459632,1.41191920847635,-0.20580436430759,-1.05114710416124,0.913727230685868,-0.467118696561388,1.51290471742965,-1.20536470064045,1.17856111820528,0.70627373598963,0.161594490522117,0.344318982999341,1.09993269446419,0.416576065013408,2.6937365305802,-0.18943179662069,-0.699127820088743,0.971187032780466,0.570720507965078,1.29903989503431,0.0621896752039461,-1.12826397233593,0.99567474906184,-0.224317355804477,-1.36734852404984,-0.522690501101355,0.32038770137265,0.349527959520012,0.517955480098936,0.51480955330781,0.433869608323812
6844.96699598447,0.688353240798068,1.84397378364356,0.396262995278193,0.972028157246744,-0.360990185781865,1.89148595563399,-1.88232508372047,0.82296974947051,0.362236751949734,0.125028693579995,-0.587059710087568,-1.49797202345853,0.612760946458218,2.1543757918986,1.50058937155359,-1.34996174174412,-0.0593476485421462,0.016677643436222,-0.767260672961149,0.173837883668261,-1.20675920350395,0.560892775767288,0.135007441389472,0.361383072098856,-1.27071163728255,-0.530405842056088,-0.687113289726698,-0.183325129759566,0.250455473358315,-0.170378686177805,-1.55208329486471,-0.332488641231542,0.974561604915939,-0.859121020795765,-1.12991289693777,-0.968110535088652,0.107389799546415,0.533121907037282,0.271156126555706,1.81973346895485,0.0679136334825634,-0.908810665971608,-1.57017554847956,-1.00408665061898,0.300733920583032,1.76913228296408,0.984943084851534,1.25052001962497,1.03356943302213,0.162171220699486
36966.4713861675,0.731173439701975,1.45596159506938,-1.02820081984415,-1.36643171016604,-0.320757549606083,0.501200649159882,1.13685864482097,-1.22806371313848,-0.857626159880007,0.536022610745669,-0.291496218240175,0.710121836197209,0.954316383000091,1.14492393246785,-0.3727910100775,-1.64965448368275,-0.236311879587584,-0.980617282490716,1.38114640335712,0.934032044971855,1.33391572335926,-1.40016520019776,1.3605304102419,1.37983413527046,-0.637674100338468,0.306659026613987,-1.16461360824435,1.21221484492393,1.41931338303911,1.24575512722314,-2.43858457652765,0.561067090202157,-0.147200792439928,0.73171243686174,0.799852377488237,-0.705053869651363,-1.33837968839848,0.691847582849532,0.01397589245008,-0.795720669648929,-0.100295590578835,-0.26196028128031,1.12828033422472,-1.44409076235731,-0.444985532824761,-0.141364024282541,1.30474439416814,-1.64554159905368,1.73641252363105,1.92337193230252
-21023.4906770228,1.66668452332434,-0.294685169994847,-0.656870071449416,0.214438407905481,-0.794371858469478,0.723910041481029,2.03341345344411,1.26732774359107,0.324786204969196,-1.62894015006815,0.0714139953170505,-0.487039762411204,2.02562945524367,0.248729334822009,0.645308439056147,0.12292451997494,-1.20062460028217,-1.18701929776171,-0.603156371401181,-0.455047271016197,-0.239430681530582,-2.00025107916333,-0.096366766271877,-0.794750281903107,-0.852511908442165,0.321322351827446,0.834056997449759,0.277572200392774,-2.14247182329133,1.28949001520371,1.48845037636371,-0.394069157188785,-0.705633197915676,1.83126844703405,-0.292212303354788,-0.539340302555356,1.08971704358184,-0.711909712477359,1.27407006424702,0.058523888583045,1.24456315572694,-1.014458580245,0.725969612262749,-0.436791947249031,-0.385716941605512,-0.198540419463085,1.28880862247465,-0.407921843810169,0.461354957153884,1.89250082128452
-22951.9754223894,2.34370895052965,1.94655164452696,-0.716743621365699,0.179579382058387,-0.941909729858871,-0.282412696680638,-0.25108054976415,0.174157034862052,0.771138442054441,0.0694413300101639,-0.00601962769829287,0.398024927498224,-0.491904004890546,-0.244452511300802,0.253206968451837,-1.10038986725493,0.194531463853194,-0.466310237788943,-1.24604630065453,1.90904626918212,-0.709601677988305,-1.04553091198649,-0.138730283398831,1.03177149300207,1.58278198086503,0.567688589451422,0.971627462343353,0.719904846790767,-1.29687721101633,-0.129628349145754,1.34313842761854,1.24920433938763,-1.17271483004019,-1.88480944254087,0.067306274263419,-1.09918758249155,0.823687897458078,-0.530322200751081,-0.904546089807725,0.20243957867844,-1.56386646690246,0.18945242999676,0.667563818215685,-0.628827508793409,-1.19409536367608,-0.874633460992519,1.16304280640637,-2.69144018396548,-1.60051116448168,-0.722630527809115
-44989.2836495629,-0.744860646070092,-0.0830271636571751,-1.05995260011475,-0.60019178283041,-1.08797082468804,1.13625399765541,1.21894629198554,0.227392954692393,0.758162988384208,-0.585695026382179,-0.814604656807424,1.33755354826556,-2.12171804956659,-2.06774518084057,-1.50065673122687,-0.484459054672104,-0.0715440565390728,-0.0230351653882526,1.66793568196135,0.403708810098349,-0.271214270130774,-0.0783030817753347,-0.177108381229843,0.291567616120291,-0.715854601337852,-1.25241481559579,-1.77131654385601,-0.166319621549638,0.62903102311202,0.271654804300238,-0.343790181970949,-0.646710764076892,-0.109584509251718,-0.477367564766597,0.374229071141032,-3.21466959567684,-2.75937437970547,0.172236858163668,-1.28244691738714,-0.57371754572933,0.442435017678401,1.61138882951847,0.779241290946857,0.598070339766966,0.0443760850463994,-1.32680303418458,0.925037263069035,0.348254423585549,2.25487248363724,-0.527012781732471
87571.3621036414,1.41876846219158,1.41679919821425,-0.766770259043081,0.161992175471067,-0.652982615589692,-0.563200489607276,-0.545630501363933,0.014854885735806,-0.15586595487655,0.0035616558313565,0.131504028196451,-0.178439068461956,0.541046932669832,1.08093908353257,0.17476126663291,1.56131604350413,0.0294233878243809,1.57437153504843,-1.10591432728507,0.17155567243733,1.10704308353341,1.23055953009859,2.733209999767,-0.930196079962261,-2.51473884807559,0.361178714343934,0.662014653273569,-1.89530101648618,-0.144365150303588,-0.127420123606607,0.406046763402429,0.260502392315892,-1.13884922942049,-1.51538421398781,-0.622717907970667,0.101054773849713,0.525898658048612,0.264721957199818,-0.133914386054464,0.583722092728364,-0.673498805607627,1.17587065133825,0.204514840233651,0.219094862935272,-0.88450041569156,-0.403232047692594,-0.3425084719268,1.42641078700285,-1.05591739781629,0.795496451367022
22041.2339845204,-1.22665259067565,-0.381727321435538,-1.62074509891116,1.64326703753842,-1.14102815116974,-0.891700640699882,-0.586954554449505,-0.379489480820307,0.317325158348469,-0.842436905744384,0.808846255430154,-0.0614144411107739,0.276378562840561,-0.419322824226746,-0.786967996991774,0.263850285011072,0.779768389174094,1.14880456408997,0.932494905743366,0.650522510567679,-0.208585124968767,-0.885635589589853,1.09841339396049,-1.01178956611102,0.163927595617738,0.432915131200146,0.179874314101511,-0.409696077515612,-0.0233745305102501,-0.223092522005609,-1.48599358002049,-0.815682488256327,1.04980094182263,-1.24232390494322,-0.0769226871155743,0.599153235916951,0.762761748478693,-1.08408245706588,1.68482601745581,0.126224200767162,0.345485601201739,-1.94350159647724,-0.73444790472944,-0.640560382291925,0.273299982183759,0.361474809714572,0.0958839600364408,1.57315649917074,0.413339928422854,-0.19871521799382
40835.9083939743,0.136885474391724,-0.730388104416216,0.552193507654982,0.124149079701274,0.0542848589169481,1.57938803607491,0.347474671223696,0.104239884372017,1.47624989943784,-0.805073955481879,-0.701483641742957,0.331151193408513,1.60359794358168,1.66488344221355,-0.14827142742732,0.684771539285732,-0.623557747923285,0.259016608690985,-0.30355285160647,-0.691412530152294,-0.61688052057181,0.604987559342227,1.33721334928408,-1.0182166537753,-1.53490846698483,-0.955350193650707,-0.828610671789818,0.824305398697655,-0.309796476544942,0.708520289057162,1.40947591416012,-1.21187335613539,-0.127345729819803,0.348544373108649,-0.0468228922961588,-0.518626907077355,0.693894228373395,-1.75644009622667,-0.0108253211884943,0.794166999084292,0.263736208769576,0.179817272502804,-1.64027967576199,-0.930683411695817,0.797429464011576,-0.797732625195677,0.128720854433494,0.553621856762507,0.549594119374766,1.5256788653917
19775.5283886811,-0.675441833636125,-0.642989352018363,0.841105477870065,-0.819943158718489,0.559205323759535,0.552696046785719,-1.15257689930733,0.438709636221792,-0.612297642063157,2.1952896711627,0.0472111890837507,0.263356135927136,0.256321543871601,-0.336745656927133,-1.22078177218227,1.61582774642806,-0.25686081324057,-0.504597259835119,2.27118969814385,-0.262745341794064,-0.163863519857207,1.06472927187248,-0.642945907405511,-0.15813194030215,0.0338574926740725,0.0673751420415235,-0.696894453678067,0.369831533067236,-0.746894085897413,-0.0163836330495805,-0.840853798706738,-0.673051865465317,0.931073830780446,-1.64597108059625,-0.01865340540434,1.00439832089474,-0.0283527938315202,0.919929068710178,-1.51977195154748,1.37958053146381,0.115594886737298,-1.47775514313929,-0.809981999091426,0.444412367455282,0.406839240275768,0.385400421486605,-1.4090288500187,0.623813590797218,1.48436818077583,1.30825379961639
15896.6113485708,-1.01646933189039,-1.22043476999513,0.758913599778079,1.34105269022506,0.223816181631127,-0.464554746051535,1.91888984592243,-2.21046090375883,1.11809668530599,0.793249805441852,0.278689602925835,0.349109489815615,1.03524652202746,-0.397652022749031,0.405147465485443,1.2613786740229,1.63706621075579,-1.35597835782619,-1.4768463748043,-1.48819861734623,-0.523306277434447,1.5309734437416,-0.841474677620088,0.124473659185042,-1.2554608508249,-0.523359632573644,-0.882358744226255,-1.13927372923356,-0.498003568308828,0.958144439210644,-0.185186488531551,0.0329391822055921,-0.430490144089779,0.00428159435266342,-1.26761349192133,1.0313532379773,2.40882227342641,1.70428470156174,-0.34016972691823,2.53548986013583,-1.04057260273021,0.746188667551437,1.10213717024914,1.35403369803392,-1.44961360391112,-0.210479660267679,0.402870784314885,-0.69830576708092,-0.724514005355981,-0.993807986828392
76929.8855593463,-1.22372239053477,0.108019623324347,-0.5369634998762,-0.0622968671297032,-0.589521333933419,-0.664775618271798,1.48730339465125,1.68349619923644,-0.118267992190734,-1.09988609055687,1.58581769823713,0.716350700968076,1.62657446093279,0.317378142442849,-1.08694385755603,3.12228843557461,-1.07415136399563,1.7444403963123,0.31980776894971,1.16856591478468,1.0415966728563,-0.139323626724186,0.6873087930381,-0.444502717387389,1.19208863211867,0.0994353069242897,0.524022965710439,1.1580913708547,-0.275396303913181,0.450109834511892,-0.171381547473169,0.599139643477135,-0.639428963948093,0.481720658289978,-0.588470368066127,-0.0409711939827044,-1.36521201265447,0.871218173367852,0.957809640420277,1.58491982543259,-0.80995833489342,-0.49971101489372,-0.538248325337685,-0.900936766705279,-0.197190296198907,-0.178849279209302,-0.0995339193804969,0.854439964665242,-0.981599646008796,1.50251733327198
44177.8015185106,0.661248472116677,0.0513199501024776,0.573927114383609,0.606268184653097,-0.701158461178408,-1.12671762087139,0.938782223965783,0.529169700590359,-0.751315747302847,0.223948108490559,-0.469848341954777,0.751573867109759,1.08349961958928,0.609332452858764,1.22372851520354,0.301111015970031,-1.67395225704864,0.841452049940283,0.891992473160452,0.068093713923075,-0.693398016953848,2.08224030139156,-0.151681277743012,-0.141742197278176,-1.61159405054208,0.850211474896821,1.59063075193402,-1.02168148821664,0.807883808927163,0.964272064908605,0.8505149596868,0.490591460018629,0.654453063247146,-0.909213444226408,0.806511582584334,-0.28773295842365,-0.0522473185397364,0.169410163963311,0.464742963095153,0.671910773933447,-0.908361746337176,-0.417809431428366,-0.825856839944252,0.7353361293361,-0.526734689862113,-1.82714896215079,0.281311009348218,-2.7000796112632,0.854470239863463,0.319502728829843
-71799.1196191984,-1.6661629954149,-0.0442102207752036,1.46975126596208,0.131632345547305,-0.202299183679182,-0.592069216273039,0.512434357575327,0.862476404374007,0.611517663025883,-0.655743790980233,2.00863346826271,-0.291981596585041,-1.73015279413658,0.23370042610977,-1.38401035221919,-1.71456440440092,-0.872437119277464,-2.28206093173235,0.225757835450007,-0.328358856585321,1.01889996632202,0.789079068303033,-1.39716565405424,1.19173454699252,0.0468506364070051,-1.40072216268347,-0.162318565815587,0.246645384709307,1.38920812564804,1.00061173610672,-1.03476152515452,-1.17267610948761,-1.77175178625533,-1.74761153228403,1.40077720257703,-0.0883046334955146,0.886901471784298,0.321315901629555,-2.01861314257024,-0.6114452673898,0.608184973582449,-0.717919680677141,0.290431723353933,-0.849071650806986,-1.08375372697376,1.17456446126077,-0.359091817626915,0.542702909157499,0.396817449345556,-0.654097433914596
28288.5420186049,-0.00887049990069003,-0.704310760817914,1.02762268252874,-0.877432635969184,0.596590063068267,-0.537770815333832,0.993803094722413,1.00734486930348,0.618679499762819,1.38010001979126,-0.435776316511282,1.03290172148937,-0.38490675285615,0.437266712250079,0.730234981325549,0.677811989966324,0.0581949178367771,-0.125159837235481,1.62786735542363,0.542748837542633,-0.177754660347568,-0.968678433059237,-0.500914232935485,-1.68143742191959,1.60515915186025,-1.23708565757868,0.0936855841284583,0.291655587465481,-0.0552955666570615,0.111545344133142,0.602578765514028,1.91125625643532,-1.2910468404032,-0.423670755459693,-0.8374874433171,-2.35414060144221,-0.822420225487833,-0.123984494541567,0.244642680011025,-2.40985884861389,-0.914090785237019,0.966303193780224,0.389505410610569,-1.08135393879172,1.43906317961108,1.12585891673068,-0.27512364483938,-1.03874814747245,-1.51634631032631,-0.198229117213305
30480.4927032751,-0.319375677324524,-0.859800654178011,0.191097405090738,0.131783220628925,-0.888747766730364,-1.96057994857214,1.20785386444998,0.65070678107214,0.369472890475934,0.264454260371365,0.438703868174663,0.841436181649569,1.26776898838771,-0.924754863121837,0.07507942695556,-1.16484275769913,1.39300428914124,-0.140834012262601,0.433284092462209,-0.0232792974349536,0.342454298043672,-0.388936028381018,1.03713867617916,-3.42207941331864,-1.74414165848784,-1.40644235141868,-0.0256352174993566,-1.48828464439492,-0.130731227051433,-0.493358648300419,-1.11100639469409,-0.237796436057409,0.79430455783865,-0.170211271956067,-0.609984068263602,0.577685658657327,1.67378337578545,-0.0909188944193132,-0.158561736424299,-1.09453644472504,2.92787298844029,-1.91800957956711,-1.18903640769972,0.179433306817773,0.612338150744774,-0.385189078155416,1.96669867929956,-1.00526259393248,-0.179618402141174,0.581633639894212
19143.9317568723,-0.872710448336813,0.33984981023551,0.532370652094361,1.0886734748474,0.895932575027014,0.681942931741568,-0.944943380667973,-0.965422700243224,0.30827993711569,0.719276681708783,-0.653434213015044,0.284382977270919,0.648696113839826,-1.68765910576756,1.07404859228822,0.961563769452242,1.21374657554401,0.548002500117567,-0.716078118066844,0.302552848579232,-0.419791541299691,0.414492733690188,-0.920614991499011,1.07900660686613,-0.424175140641724,-2.3256097724665,-0.644052316790038,0.0273816036320581,0.752285691737102,-1.62675351742277,-0.26640119759293,1.27564225650911,0.51876799058584,0.855066570057876,-1.09766673159913,-0.652116305740777,-0.902925834040569,1.45998624669514,0.595234604101921,-0.213912439104848,0.479678278107454,-0.0614931192179457,1.4289306495725,0.0360753729416116,0.210529590477737,1.83561624178562,-1.96724971343423,1.342629652493,-0.555997629107262,-0.424937284872724
5777.49050842212,-0.346833624609972,0.310754894786492,1.91512476266412,0.341555722689728,-0.244076114475906,-0.308907109416601,1.35102430286151,0.303125170810305,1.67461465220854,-0.602276987725135,0.191946066358471,0.933778200905232,-0.176614265726076,0.879986427779726,0.445593968420886,-0.117652865172853,-0.946726872606104,-1.64815768083306,0.782141732571544,-0.538967005664652,-1.16600095431622,1.71224982156277,-0.0327371179552819,-1.5498121616186,-1.06624245843527,-1.61707027082155,0.507695297558024,0.744070097707248,1.89112054203885,-0.576454355409013,0.541949731306783,0.652444960914978,0.465997449390405,-0.268144368771313,-0.262474973660285,0.592892469837368,0.223080633110438,1.67061598462996,-0.572027900917934,-1.27986793545425,-1.53255695259121,-1.63920626481415,1.04155714819988,-0.175352983473344,0.698637269551748,0.284477639370603,1.38926733913441,-0.314164013113733,-0.384279791609029,-0.163185731609638
-89197.4444860297,0.51846968910168,0.682718494368014,-0.715769364985045,-0.463028751719625,0.803344367125156,1.35834080290819,0.373806420178522,-1.1775898684598,-1.42029079478953,0.187586567616571,0.0238183910849296,-0.599415425655581,-0.286070210666849,-0.29934169390732,-0.461485990412132,0.375065806416525,-1.94354289101365,0.411786386943869,-0.403306638250002,-0.3605519081672,-2.15438546628971,-1.73397058874375,-0.646305640547523,-1.76798518723366,0.229472322951778,-0.971498854986361,-1.62781041585096,-1.4666251104937,0.85356097509659,1.40088005954159,0.219700417652547,0.546487512545756,-0.716639455200391,0.640701486636603,-0.866280138022376,-0.0806475152920102,-0.47858314912144,-1.12350010598439,-0.331763129659252,-0.388863224281002,-0.104754603937641,-0.917191945406755,0.938608351040136,0.290303417908183,-0.226778061335803,-1.85321145063867,0.37207024392925,0.315232385987859,1.01808304717175,-0.0682388687639637
-22213.6693785767,0.79993588169214,-0.226529649635688,0.520262761788716,0.150131300921457,0.767309416907105,-0.668487507901163,-0.287480870903715,0.883141855927434,-1.06335957670226,-0.944887307129574,1.92683905020953,-0.0687732733288774,-1.26582193789612,0.820539833863498,0.349792156827675,1.31803561889097,-0.637616553270451,-1.58852200534144,0.0446808020803805,-0.781872888964496,0.644739774649306,-0.672108840483975,-1.2950413868356,-1.0381944849361,0.00250388780675919,-1.03611367092437,0.99099706073343,1.27789435720524,-0.340012209023198,-0.695124134685896,0.311494707212025,-0.758507326123012,-0.883495735148239,-0.982133739116169,-1.07854122418889,-0.712207887379404,-0.568408101006723,-0.573429227263007,-1.13842783369354,-0.160307581663198,-0.0319351356055649,-1.00023684381814,0.077007370355009,-0.986288285255406,-0.200414279272349,-0.444397325912036,-0.350430964542167,-0.761207998547087,1.94180231143694,-0.918339687031474
-60041.9741459001,1.7512123993534,2.13844999757234,0.710128140315859,-0.369810179184934,-0.949415124917429,1.36346049803305,0.536362837070937,0.135530828944176,1.00166598669123,-1.01217458028083,-0.378330145843938,-0.750816909616816,-2.53129064460412,-2.72360528322103,-0.233928455134327,-0.391613179056798,-0.138233167279506,-1.21627091673927,-1.32255845842856,0.840139217680948,-0.53817989139812,3.1485753050077,-0.667685700220087,-0.156426442843942,-0.431049405258788,1.514952918908,0.485452471845705,0.693197203292797,-1.36113992475103,-0.911785399174782,-0.514319452673512,2.36183073459153,0.965707197106715,0.116091647901778,-1.63255887501257,0.700108780508982,-0.144642508107079,0.429915174007299,1.45437224098616,-0.942326314390655,-0.403598018398759,-0.709942380755434,-1.33839907183114,0.14383718840385,0.481039521899877,-0.520048861967751,1.43404859376366,1.1434537833504,-1.88898724202866,0.656057887253758
38840.0661869829,-1.16878246541271,-2.09121995251277,-1.06455825055455,0.0142654268292582,0.335515787627359,-0.0924531043229627,-0.452507326963963,0.55925105713368,0.632254548767256,1.98855501128465,0.529168649283266,1.41785791740297,0.610374487958523,0.817631933405627,1.28295041748542,-0.57333863249281,0.635478343134998,-1.43136988979033,-0.273602430370169,0.0964909751786236,0.159768449134787,0.067775517980514,-0.0149079633057355,-0.877641160221161,0.409714478499874,-0.285390198506037,1.3730761082562,-0.948369728217972,0.122630433959619,0.0432822927836537,-0.272623402512666,0.738054565552494,-0.612803308277056,-0.475067973672258,2.56953212010422,-0.271601289051737,-0.592375731848509,0.605858282498571,-0.113330025795534,0.256766508601956,-0.619716407238164,0.726723251611999,-0.712351913307792,0.17536201726051,-1.30994609736901,0.138732935127148,-0.0611488209376399,-2.34435677028556,0.290679823474362,0.126074942445529
2365.22199616333,0.907639556425246,-0.0596226439170374,-1.04203609340947,-0.716090305888872,0.712189268857894,2.60740997497447,-0.133415028996244,-0.577172802690037,-0.237526567547724,0.629519632415807,0.1812728865869,-1.47452708700129,0.371880998292908,1.02608128009552,-1.5343571547264,0.385482492855484,0.170522443146585,0.351666694122518,-1.50820319732405,1.80781253788239,0.776965850747147,0.0697840818590792,-0.583988290772335,0.322460681470839,-0.437150790756096,-0.795937853923037,0.538351012726598,0.903333913652092,1.30714242406544,-0.279984466821232,-0.565925703968879,1.80765440536432,-0.176249070565599,-0.447932331621589,1.18902846434275,-0.113311652451545,0.291006959598879,0.626829066648795,1.17850609073515,1.49275722840671,0.774083650543172,0.627992211227849,0.957081466766301,-0.10203195126176,-0.85908188413699,1.37732986897267,1.14074988061429,0.691207245662562,1.82547195431164,-0.643605723317234
-29804.5869307312,-0.676300500528333,2.1560699805453,1.74530991363088,-0.761876220698505,0.924885494313978,0.464538543147531,-0.667405030603011,-1.35359789993159,-0.76576970670972,0.985683299564274,-0.973140237184167,1.4675080574038,-0.0324647042232431,0.637851702874388,-0.175511919479114,0.0379013179581028,-0.273711351407956,0.106279840718696,-1.07489938032508,-3.02570958208091,0.0999761398306248,-1.27652846831688,1.01516568655407,-0.0986488948957245,-0.337052137869398,-0.177575719289336,0.633601045216232,0.0518547239092753,-0.818090055820433,2.0764321894892,-1.04395510904136,-0.523294170650156,-0.143853359474642,1.4652314656851,-0.68455419912698,-1.68526604442622,-0.930012286795559,-0.041040219886973,-0.217872671254988,-0.724841893701707,0.112213533522208,-0.834804605325262,-0.128521822259342,0.142128200395091,-1.46254165979174,-0.580330164404729,-1.62392632162683,-0.140492070744419,1.30154599450352,-0.266067787669135
-35549.7434162387,1.15251059210188,-0.130188296708034,2.38946217136602,-0.268468009854528,-0.744563890648336,-1.41311312812684,-0.496915335571636,1.07405512397734,0.350136270607921,-0.127419065875746,-0.155887533327662,-0.864599980700644,1.91385093578073,-1.14468371903712,0.213183527244339,0.66761303960977,1.50506517024429,-0.133663120998806,1.45746475953341,-2.40773879335399,-1.35259630984064,-1.09134396028996,-2.50151220156365,-0.173977878300494,0.0963262289421643,0.936099047638929,0.419562041244366,1.35215640459661,-2.08956287173156,-0.206060028104676,-1.28810357937005,0.289542587365434,-1.16860111581355,-0.672984216225791,-0.0770813158930829,-1.17977398473382,0.967939878400228,-2.07529074202791,0.300831648156382,0.124330433705133,0.0981970224203658,0.0444719428833774,0.55326211440235,0.647247551248803,-0.987735624145944,1.0998596626358,-0.370122816002123,0.281941281920189,0.175170605531911,-1.74750951966331
-23219.655154837,0.22988532635894,0.258360491548986,-1.07124629748633,0.057588154610684,-0.00402060910186779,-1.02163949974472,1.17647339513086,0.458011502713901,-1.45606412748139,0.73565651308598,-0.492315956380675,-0.552997432884536,0.0573588627551941,0.337765085292631,-1.98805995192396,-0.210105370725473,-0.119356388200273,-0.446347824445714,0.322319305021665,0.251241113099168,-0.413559485961938,-0.835980699817316,1.13889196924033,0.323504399131777,-1.55383048550598,-1.26376261286114,-0.600198767543099,1.34886794539885,0.349156978727458,-1.18406430381036,1.1503763342883,-0.498899930522855,-0.614764580154547,-0.510415999292551,-1.99622688252338,0.0363861175823953,0.864927119494891,-1.70762213500929,0.2756681185575,-0.448982513845729,-1.84681194840089,1.7046132165522,1.07325634619724,0.112657054559941,-0.0505412634295015,-1.53003045596607,0.494890198248051,-0.385472197936051,0.316725017261391,-0.960540944491604
22283.6637429857,0.661727286142949,-0.325507602436861,-0.605379342950834,0.339109661547466,-0.0347512218518361,1.35592730693933,0.0700344030688105,-0.325700256001131,1.82498017767084,-0.170916350873862,-0.235923272357294,0.478033244747102,-0.241416464498096,-0.588214562596155,-0.859030247666097,-1.33889214419763,1.16993899074918,0.181547263323028,-0.129880154253904,1.81300492944531,-0.0871394240772824,1.51284749718946,0.470606055201069,0.76087482372443,-0.556747197205113,-1.0009934655706,-0.467244748093912,-0.353948734077678,-0.948537081151439,-0.896906626830315,0.953388448808857,-1.2965099679507,-0.440842964527555,-0.18302563792195,-1.57910733171454,-0.14036214596827,1.49277386738574,-0.203290322283075,-0.105710909258613,0.523449535510917,-0.992513170369249,-0.315607563971266,-2.16033688980652,-0.015389229070266,0.153376714024938,0.434945956833622,-0.382132057058417,0.732728503842784,0.419636935437535,0.489109757306999
-19545.868352947,-0.708106273096267,-0.856504133565897,-0.00488840476293234,-0.996604648521214,0.607221299219217,-0.517010515183628,0.689998689594155,-0.123211507403576,-0.171567828170989,-0.735800731945627,-0.0599028244807939,-1.8171607911794,-1.21787454732196,-0.0655445042075009,0.538404055542697,0.657807445225853,1.55786871736554,-0.603186694757479,0.132997737275546,-0.866667661730426,-0.156728017087328,-1.16842366454327,0.0232292238362939,0.532972755348171,0.654633408984956,-0.397987673168962,1.54087383669288,0.68388473617517,-0.685068819807934,-1.28341716652015,0.510734043176194,-0.814540022886048,-0.957185019945739,0.515348372259702,0.875577419216617,-0.477454564836495,-0.276368918157279,1.12827995901938,1.08494097118081,0.292990808544164,-0.167042700133211,-1.82361410799742,-0.289123676149189,0.427113940959673,-0.0164172296300092,-0.653960840843853,0.617925301944049,1.53785507891594,-0.871510796574879,2.09913989017808
30470.3240561691,-0.354755724119537,1.13714390767507,-0.50101052688956,-0.373486946261192,-0.14288180727942,-0.414487224549177,-0.676365085261632,1.7179535708112,-0.888689528857562,-0.724409563354815,-0.918547055214698,1.45903705937322,-0.459919509796323,-0.100630654450394,-0.796702395353859,2.43136720407668,1.16137594363,-0.746437488391322,-0.508724535865843,-0.424028777627964,-0.138438761200816,-0.0145926010771224,0.473403855093113,-1.0398161074628,-1.29883687295045,-0.605155248036768,0.614276187949674,1.07218200070441,0.127740618760551,0.353418216996827,-0.223028668462897,-2.87295853855595e-07,-1.07515268206447,0.954141334113869,-0.978411954594026,0.500753028031074,-0.99842019212006,-0.0626594337424733,0.0812939538559426,-1.60045885605323,-1.79197819441994,0.583189943093278,1.40621410584381,-0.685863476907875,1.79811172059631,0.213952559067717,-0.543688219661193,-0.408142925521012,-0.207099113422578,0.981161101058831
-57815.898294199,-1.46791289492076,-1.60816109262105,-0.342133512976106,-0.227403095700038,0.748695093582383,0.00916879725090202,-0.716684263154707,-0.504461669089331,-1.68961307365909,-0.959412863482344,-0.893717739355159,-1.23168118216591,0.383162992179651,0.0935095658609352,-0.317332849738137,-2.8312169924995,-0.0330208609946691,0.124442922173309,-1.61582349647583,-0.210054608649332,-0.305305448786059,0.552881140614065,-0.213863021663022,2.23040276737517,1.21194711713028,-0.290253027317381,-0.341680523839865,0.572597814982302,0.849379547288817,-0.0318133596925649,0.0673086973074109,-0.865686816305887,0.109934099012733,-0.343869818105594,-1.70506492835449,-0.895405236345439,0.972577437688141,0.593327046712308,0.34602667229321,-2.8278410943475,-1.09068891450981,0.480618754406801,-0.135968636034919,-0.0569463530786147,-0.365955093697269,1.41437322544213,0.601049738291438,0.790634859406176,0.946815494977149,0.48053021835441
-18734.3263045469,0.824432887973129,-0.69315151083613,1.25999487988174,0.897221712997203,-1.02565825876486,0.444799187216861,-0.0504367137058231,0.0409979169235755,0.72617581392878,2.43384553494088,-1.02453240591121,-0.280193336710949,-1.92989510651234,-0.5697200245634,0.275379860760621,0.860568394796944,-0.491924004417714,0.359359169746221,-0.606483302045233,-0.708510228280947,2.07501656494926,0.620693966861874,-1.14407171997104,-1.12771952895997,0.0650999530168061,0.821945712912483,0.111220725766547,-0.752908730402775,-0.22994100529633,-2.29536604697709,0.573057935779534,-0.732236741219219,0.259806380454635,1.31310167173283,1.35001897450325,0.35947352535802,1.31653096276052,1.23274399907236,-0.890636209610142,-1.58063953440917,0.297741993535948,-0.536947906005374,-0.301762011962381,0.484271753249275,-0.452713011157953,-0.719739815377157,0.0296202561868897,1.27381426045023,-0.267090978670444,1.05266093420237
-27654.9021394753,-0.0494763674330269,1.76008147805091,1.87859597183455,-0.181204272933757,-0.204064752323803,-0.00173070007245308,0.783369047706519,0.925201103670943,-0.827137819721115,1.40248990989739,-1.0681640973765,-0.217148014433228,-0.820596778110117,0.110397191630748,-0.444215295174376,-1.00380642941224,-0.273061728039429,-0.426379321504444,-0.695142434037376,-0.256520310584443,-0.560316244558632,-0.204720292980682,1.88818624258518,-1.21234224722046,0.0664389275121876,-0.595422511733642,1.75837167731596,-1.37665795325034,0.991699760754704,0.46047214222578,0.0273411062165579,-0.972153112131788,-0.0803259083451292,0.601420113344615,0.21871583010232,0.408642231288323,0.329963896302889,-0.271436214179443,-0.0897379039006089,0.0023961378795557,0.0847109994007406,1.05847705527821,-1.98427742945097,0.864601975165072,0.32919989155721,-0.787941015663236,0.574190502884229,-0.0307407076750981,-1.43141225993836,0.687151203852023
58120.2939879495,-0.0300520803050164,0.836068841843297,-1.0587473943783,1.12023073200721,-1.04321635584005,-0.370351437921099,-0.711147130032129,0.928260323876472,-0.34443955325665,-0.385790365557024,0.680952410143696,0.528668206394144,0.955007300834899,0.750781032861005,0.620357228911936,2.98460013163053,-0.403310093306131,-1.42393024675894,-0.29903458114947,-0.678045655542145,0.433347459356994,1.99411741854835,-0.991941179185926,0.298147332687837,-0.619727018736629,0.216742557598318,-0.853584469875542,0.148316617023661,0.706861987853428,-1.02229813562197,-1.09412677824147,-0.0790957571438872,0.0933065238213895,1.32500739515768,-0.741886701593701,-2.1392332738793,-0.00943663146666021,-0.210885120274804,0.30408801403227,-0.604342580781835,-1.37995501113417,0.545335498885819,0.346886780057557,1.73124728237552,-0.175833163022611,0.605870236881308,2.23061728397254,0.257984654807094,0.974930245661839,-2.55440108320199
-12713.6252714101,-1.18771799146927,-0.561361348072846,0.63193356304188,1.00702447461338,-1.51384858395312,1.22222712927579,-1.15779026455484,-0.612254779885937,-0.15069969958676,-0.493191856642422,0.70233445314291,1.43903670246001,0.587814299489498,1.41721270267553,-0.157727090140722,0.320217662843444,0.892530482698812,-2.16976729422199,-0.949160876330723,-0.940399020641995,-0.604716423427562,-1.96218536620438,-0.604150157264339,-0.664257309733622,1.97608413817556,0.0966334201910134,-1.36101564877996,-1.43613154175766,-0.817184501693081,-0.964412543168111,-0.0156101262125475,-0.857181387972788,-0.713366199514506,-0.0824601677785888,-1.60787205185055,0.644312511585093,-1.32157052947084,0.801838814708753,-0.749769982940816,1.92870212270384,0.469500846644983,-0.501327978384661,0.613654649375835,0.738006108651371,0.673401815325029,-1.06797828751486,-0.0323525781088395,1.05600631334336,-1.17759536396604,-0.276895000760945
17852.0290902148,0.17334215813058,-1.32231611027126,1.5919741989205,-0.85967507787898,-1.08913606072749,-1.47973606764414,0.92869504405932,0.245273823148986,-0.0749069654817787,0.310730388434782,-0.162101143982332,1.07028659559864,-1.06743017961027,1.06190772058437,-0.494165389228313,-0.0776622655868461,-0.46508982089718,-1.43997530290302,0.434270393885646,0.732181099949099,1.09026453308081,-0.359099439345117,0.66544688378146,-0.727943378889595,-1.32964271785205,1.6066461092723,-0.050530382139789,-0.517380614000574,1.1229463886448,-1.40541166501446,0.437511237329353,-1.50717251039639,0.467647996702605,-0.492361495240407,-0.396679802186793,1.61754667826723,0.655207005980192,1.02368998030389,0.190460420338902,0.206102326986289,0.812815267869487,1.21821016463443,0.973672311946591,0.38534875435975,-1.51746335124983,-0.958078826723752,-1.20278796426857,2.37549996469435,-1.34629078541608,0.377460705611128
55206.6525267111,-0.0960553516442575,-0.225439523511262,0.574808145627,-0.680928211521568,-1.3299563402826,-2.40455647038858,-0.694052853473029,0.14712712729203,0.0509518423385892,1.83868735211602,-0.629828888799915,1.81145695355237,-1.22358906527984,1.62977035916869,1.03036076350205,1.16195330939231,-0.602148604131139,-0.0202220811278193,-1.55820418068779,0.772363388134192,1.38423012166096,0.419587137148852,0.542003340220444,0.222972639292659,-0.135996633249856,0.696815072635683,0.47860043964353,-1.69342562747711,-0.302299590476658,1.18544923479688,-0.795044137133614,-1.11834819615986,3.42505562396231,-0.401000823131443,-0.789441600129394,-0.959398226514629,0.892119615111973,1.95021087971369,-0.279925548962795,0.832732403236124,-0.357804402324506,-0.41426677124714,1.33623961122032,-0.879912405163937,0.992356376222397,-0.421863817062204,1.34847056974841,-0.123861438021579,1.49387201041056,0.786059835950595
33688.2552095969,0.958525031745095,0.171097142949824,1.1028748407233,-0.174127918815351,0.938555778705094,-0.130093266527891,-0.141600898393818,0.395810101310655,0.718525473919776,-0.122277611356197,-0.679077370014504,0.488537757270053,1.00408882974134,-0.136002292537663,-1.91323965766941,1.06158298966538,2.36774459188353,0.959376983219368,0.0540663440468696,-0.781455886507491,0.116425569817446,0.598807636808519,-0.0912575885040112,0.0845196622276846,-1.34333212877047,-0.738315086247645,0.432565677369564,1.10651327118728,-1.93685026947204,-1.27968196683447,-1.88124714312307,0.472783369458673,0.788315477280828,-1.04471988242144,-0.619154131239654,0.261817402530576,1.23767315644688,-1.30258533274052,0.691521826935433,-0.765639405686971,-0.827426613813851,-1.57314747238496,1.10513603140766,-0.273202053561046,-0.161696451756515,0.0535720845554144,0.608030914037698,-1.98794273815745,1.1453260288906,-0.210885997935464
-404.875106563348,-0.404435411997177,1.10829892415432,1.15347695625307,-0.282264528419081,0.509493454310035,0.267449383015744,1.56322256513256,-1.37753510380434,1.10156386469053,0.636099640402586,1.7810113577109,-0.0926555282122218,0.0618630760963152,0.800423500473447,-0.541437301803014,-1.33047023470968,-0.125443198033526,0.753614747048431,0.452324049916359,-0.384065859353525,0.0307590631207852,0.00404695364811269,1.1205769307546,1.14993017409065,-0.285495285344218,-0.368352704234228,1.71104151880972,-0.0964218403314106,-1.57526045954119,-1.81599609070913,0.217004379295736,1.14540015675347,0.865257617592302,-0.861297932655249,0.071895424078866,-0.121990548663634,-0.944942456381855,1.10178031024328,-1.16572704338156,0.0723234653788577,0.659246813529805,-0.974780577857952,0.648559450115723,-0.461335839297791,-1.22859557557101,0.290370768261165,-1.31677388106334,-0.77156824444959,-0.0792524425131051,0.362260305564831
46882.8897459393,-0.544574373836036,2.08429093913235,0.3281431109329,0.770673977161918,-0.569893836284639,0.135953331895966,0.155068827892879,-1.28807819358438,-0.439209482668894,0.145797376254614,-0.346206963350818,-0.134720338044434,-0.241564132385092,2.39454906768707,0.713455398217678,0.973694642325362,1.0397268581397,0.0799267077031036,0.846139904747696,0.12738614632345,-0.607860482746478,-2.10027444304241,1.12200910280216,0.205963742489689,0.792088951863845,-1.18649239961793,-0.121148485544284,-1.68618907018738,-1.95813235224163,-0.88375617182163,0.0254388466956136,0.805600172485236,-0.0631702277157183,1.05866411814141,0.0635421505837429,-2.44561953849878,-1.15944380449025,0.481563393679006,-0.0636191455849977,0.35035081023353,-1.6338293284521,-1.24578307449515,-0.0929684540069288,-1.21549463248595,0.475612307784593,0.932395883899595,-0.657643962459509,-0.825715461443355,-0.294728062035726,0.0193774207806477
-395.3870888032,-0.0607949028146124,0.325253258670906,-0.75050367142224,-0.585488338077386,-0.0843818120509241,-0.473726041531588,1.72365795727379,1.01525709527738,-1.36526459293591,0.245115802692637,-0.963523329106187,0.361924318616481,0.357193968734386,0.732304292141327,-0.282127353495448,0.430257214096287,-0.567195194709472,-0.422613100063201,-0.142347857388571,1.3116231989643,-1.32207478746116,-0.0868942215044622,-0.573877810588595,1.21781449104085,0.075958581760933,-1.21623681763819,0.730483036871477,-0.140187244243066,-0.188116452344902,-0.600918474791211,-0.469653637104429,1.14036279709781,-0.429427414294854,0.604032514065018,-0.832163429076211,1.98379099049502,-0.599744651672589,-0.153395550179933,-0.920515471200894,0.0276140504347707,-0.0471751616742954,1.41417475823589,0.314411418209223,-0.892371126365803,0.982402622567858,0.670052202947587,-1.12803705360306,0.655243635813629,-0.0167628346353941,-0.0235134604399411
-41051.8808467064,-0.32385894523204,-0.453989545318801,-0.233223254403708,1.67960770136055,0.655237423407655,1.17627773111831,1.23759044766941,0.337774763574401,0.0700686964197974,1.99130253816951,-0.354366944146928,0.885755730234593,-0.571768787854936,0.0377096073280071,-1.66083290597208,-0.744581667857459,-1.17537513082839,-0.235367677054276,0.71356044150813,-0.404859628999214,-0.54716987613665,0.662402334879973,-0.112727523782949,-1.2491950419281,-0.320939636142124,-0.184440169887772,0.960667844206303,-1.15839561531999,1.12625618152199,0.911270913737697,0.5347059606837,0.617954824857057,-0.275848916623257,-0.520725674172431,1.2584245133063,-0.0980735953215694,-0.907910392060153,0.122671639197124,-1.49087190406461,0.323147868050357,0.521958087996123,-1.24670698846377,0.35803913857682,-0.716287116324885,-0.816489304413244,1.25352740936902,-1.21381322892277,-0.301940998323176,0.166243420335261,-0.434599006211989
30121.5154172336,-0.20890132803861,1.582908528017,0.359718896028143,-0.771608723560043,0.449658358061023,-0.251902168260696,-0.788136493273648,0.350073779253893,0.499055691747104,-0.674219296910457,0.044213071972006,0.711612497230314,1.40027810928089,-0.514050570680945,0.338520326474699,0.912685495193415,0.404887284801084,-0.13539542316136,1.48680996809043,-1.19384020998242,-0.649189606972889,-1.10804009747337,1.16766713599468,-0.477683075234446,0.372220872022003,-0.256914863569516,0.303178603473411,-0.394919413973737,0.653034395674322,0.234864583913062,0.48697454588209,-0.106130734355641,0.46564764413156,0.083600093822763,0.821504452974123,0.284783486245114,-2.75528836338623,1.17639147399434,-0.561777256427349,-0.119236081418537,2.67972063401707,0.417442510659547,-0.272155400637233,0.385629380862831,-0.180326302973589,1.47127173964534,1.60858070425125,1.40624446894778,-0.131030386449813,2.32719053193019
-18032.6130935965,-0.434308741612265,-0.413004612495396,0.176956327003968,-0.140898447363148,0.973112220795792,0.983054465278292,-0.0472035603900817,-0.585739476435301,-1.84645743157478,0.500739022538552,-0.04724820805141,2.79592161498882,-1.01408748684143,0.820660137595472,-0.376555209973448,0.754201366897026,-0.898547331249522,0.969932654816814,-0.909868813644442,-0.377565257252601,1.49864831092998,-1.76273224977922,-1.89317827863593,1.25998510891589,0.168429334986577,-0.416422751370017,-0.701276361766859,-0.0126026506985759,-0.857180696384563,-1.64354190243111,0.322373122550968,1.03093543599118,0.347894261135069,0.863331885992313,0.33601860472972,0.698562884091016,-0.681248089901506,0.550164560199525,0.363544069004859,-0.812712945475607,0.0935018316747922,1.63244455467791,1.16414553279459,0.761068016537509,-1.14603885558252,-0.416459976296591,-0.454500934015759,-1.05107227309033,1.51480437077762,-0.293491806097142
19669.7800973051,1.02993024776984,-0.789764868836475,-0.0239641230194206,0.840658150994525,-0.419421544642517,-0.630263127394262,0.910316447524391,0.551509729866469,1.57374576373222,1.90739733621179,0.424002807258629,0.229022238445501,0.18074324616951,0.956252188485357,0.476084016502162,0.379522019452079,0.392028684589941,0.987333644400528,-0.972024928338002,0.866068659872386,0.0952239230364143,-1.0225487425454,-0.363872724855596,-0.749293024292482,-0.723847794789026,-0.271774334654311,0.466720187233906,-0.135128727369766,0.966943670079961,-0.427876386047362,-1.0651829654789,-0.0329443653893742,-0.718824650118953,-0.297540520436783,-0.762720379433738,-0.702419429756194,-1.15928941512709,0.223006016897275,-2.96050060517379,1.1511609912072,1.57254197040012,0.382133097531558,-0.126864601892735,-2.35510593166683,-1.17180887642398,-0.71239479053964,0.150254626644063,-0.753980911089677,-1.68192721923846,0.545884114916226
13374.1675083426,-0.614852874921405,-0.176161394071845,1.37938642427367,0.117795142040983,0.694997113636978,-0.908688702336828,-0.49762695056478,-0.584140931540715,0.280065933013326,-1.36846589944528,0.148610720552396,0.367868517454344,0.984504978733953,-0.750381530210072,0.039413535829269,0.969814571774851,-0.362523800229149,-1.92315457230319,0.187905001876405,-0.271133666830836,0.442353639778826,0.481567766960616,-0.224304283982558,-1.54025869176756,-2.1782915586487,0.709193417046035,0.0162905100933353,-0.40445653982082,-0.0917427457305256,1.23207983496131,-0.339755536716522,-0.0173308304676284,1.05236030659672,-0.162506005600482,-0.110523453886407,0.0561035237284279,1.12076494769614,-1.55977245576754,2.11699062034525,-1.40636593068336,-0.77805783733747,0.0157623086544844,-0.496830771717607,-1.0695087025037,-0.704671748429656,-0.657543255191824,-0.654106930580223,2.01254589833287,-1.79077556258914,1.06578799975419
-3920.40378302691,1.65698595772873,-1.32809232761365,2.48035661538306,-1.441805719345,-0.979362089856868,1.74089891821699,0.247686507728769,0.659579438669211,-1.30150693877728,-1.10233546454771,2.3064030010963,-0.145357677407481,-0.986292829103037,-2.00912844112195,-0.699436124848489,1.43293703578588,-0.712188067695224,0.727544312337873,-0.58305085923514,1.3605592302222,-0.531425130648026,0.83941624286141,1.29167134616665,-0.759230068501475,-0.445711292240223,-0.952940234722802,-0.45437739549218,-1.25135535383839,-1.92931714171893,-0.457748145553418,0.636329635061481,2.42118752813679,0.589095144430918,-0.441245921272998,0.252092151063105,1.63833733591314,1.08035329931917,-0.833634956143412,-0.0163697190957056,0.364184561142779,0.137163197538057,0.613685517634956,-0.628159043925644,0.00472384688818315,-1.45559407418728,-0.645136312617479,0.0931311820278689,0.742011748108503,1.67259460887807,1.08823025403961
17167.0236766067,0.371825955674271,0.936065869869925,0.432856297779621,0.681263190580891,0.500354568357517,0.158399481692345,1.80181545076499,0.35025839001542,0.348213281333359,0.716864435289904,-0.461138512657056,0.840487575495087,-0.309772730364091,-0.234636786535609,0.362714792312173,0.430667977631046,0.185701123859465,-0.671006777638708,-0.464371838987257,-1.05785529050219,0.985611831705557,0.97688791270822,0.238273005298433,0.462275618344987,0.202512359447724,1.64752530730584,-1.83217404290423,0.0821154485240579,1.28140631319834,-0.0689217987870022,-1.16946750566321,0.967244921425411,-0.0135324345704152,0.331046005116342,-1.96630018540214,2.14653968278524,1.45409363151659,-0.425457041128684,-0.417600007709463,-1.08206904239551,0.201887321863317,-0.88844506231308,-0.485450921625406,0.105568276348768,0.502725254983886,-2.56060924475833,0.0423641339732504,-0.0918835194881441,0.288217519275611,-0.239309689445251
18028.9801776465,-0.393414678992893,0.618699196039999,-0.397031754365917,-1.35753709754934,0.0775711920472762,-1.50003868779107,-1.64750413070279,-0.529899131628118,-1.32373175370619,1.54544990407297,-0.637636934708554,-0.199047085535329,-0.232081028005331,0.629917798842181,-1.66317365413301,2.22450445537443,0.532230969536584,1.40984912936682,0.259526559484676,-0.402979488612443,1.15314751227735,0.484492179956907,-1.51310639188505,-0.0413313772839755,0.768510049318228,-1.75233892613455,-0.499252986396932,-0.353779331588979,-0.287029953646878,1.33220141204477,-0.381832090323927,-0.487834279020974,-0.261716226722869,0.822814983565735,-1.89313615546671,0.57015744838151,1.24681155789076,-1.08207772542675,0.271550211216565,0.923247533008761,1.28526545042774,-0.610210895481728,-0.170997995771729,-0.650531750329602,0.00998547630394736,-0.452349898484099,-1.18409106861339,0.268898149643959,-0.923159386786195,-0.0636500797902373
-33684.4815363876,-0.799642068232938,-0.000529522098499792,1.48416849745962,0.127125772920075,0.183126594313727,0.519470796371831,0.168186916264884,0.94327553830341,0.151062715691716,-1.44874625464211,-1.08244103437428,-0.270912349356056,-0.371193378852449,0.297828948614973,0.165626943989708,0.52106997056294,-0.809110503271383,0.299549930431579,-0.34702784368114,-1.29693971826125,-1.25714873092947,0.370651133760406,-0.173629236582443,-0.149499665747165,-1.64210372325996,-0.091596637628421,-0.928277264309563,-0.0404057804738062,-0.391112443899738,0.583331708665415,-1.3062181600466,-0.544840419044632,0.0576904846504988,-0.0277832107862718,0.56184970254898,-0.889154394815216,0.839194560286142,-1.79329857528031,-0.946729642908081,1.6763871314566,2.35003822915926,-0.250059522159185,-0.223638921989612,0.41701787784874,0.704181652900194,0.327213108765429,-0.528390676565119,-1.26179158646673,1.88006833401465,-0.930472637812673
8607.92459846219,0.164091429693413,-0.81838742752617,-0.899084510305216,-3.03017357588621,1.01844055341025,0.0229671359674261,0.668131318132336,0.643134861570625,-1.44485673985615,0.115900121771019,-0.0222424896879663,-0.408190583483216,0.612385372251524,0.105965470844213,1.13781778873302,0.291649298333688,-0.252851519875067,-0.0732716539176094,0.424975933517203,-2.38069336598789,0.448336923448209,0.857000973599605,0.00745928695188819,0.217503787664164,-0.577932002004282,0.0862670518620202,0.250316175093475,-0.83363276164944,-0.991256071564162,-2.34213709296838,0.101070605611561,-0.135924027898559,-0.498302303746269,-0.73343906653988,-0.394925545932206,0.224057111136812,0.519476404801175,-0.492821879296001,-1.7585392600846,0.62095828665148,1.26523947510218,-1.00846244009634,0.855692167699969,-1.92348296805986,0.206016343153926,-0.137847970696213,0.0575650779137845,-0.0328257463515748,-1.83340757240582,-1.07798637400567
